;DATUM;EDELHERT;EDELHERT MAN;EDELHERT HINDE;EDELHERT SMALDIER;EDELHERT SPITSER;EDELHERT KALF;DAMHERT;DAMHERT MANNELIJK;DAMHERT VROUWELIJK;DAMHERT KALF;DAMHERT SPITSER;REE;REEBOK;REEGEIT;REEKALF;WILD ZWIJN;WILD ZWIJN KEILER;WILD ZWIJN ZEUG;WILD ZWIJN OVERLOPER;WILD ZWIJN BIG;TOTAAL
0;2004-07-03;2,0;0,0;12,0;3,0;3,0;5,0;0,0;7,0;3,0;0,0;0,0;0,0;1,0;1,0;0,0;0,0;0,0;0,0;0,0;0,0;37,0
1;2004-07-10;0,0;0,0;1,0;1,0;0,0;1,0;0,0;7,0;5,0;0,0;0,0;1,0;1,0;1,0;0,0;0,0;0,0;0,0;0,0;0,0;18,0
2;2004-07-17;0,0;0,0;0,0;0,0;0,0;0,0;5,0;8,0;1,0;0,0;0,0;0,0;1,0;1,0;0,0;0,0;0,0;0,0;0,0;0,0;16,0
3;2004-07-23;0,0;0,0;1,0;0,0;0,0;1,0;0,0;0,0;2,0;0,0;0,0;0,0;0,0;2,0;0,0;0,0;0,0;0,0;0,0;0,0;6,0
4;2004-07-31;0,0;0,0;4,0;0,0;0,0;2,0;0,0;0,0;0,0;0,0;0,0;0,0;1,0;0,0;1,0;0,0;0,0;0,0;0,0;0,0;8,0
5;2004-08-07;0,0;0,0;0,0;0,0;0,0;0,0;0,0;1,0;0,0;0,0;0,0;1,0;0,0;3,0;0,0;0,0;1,0;0,0;0,0;0,0;6,0
6;2004-08-14;0,0;0,0;0,0;0,0;0,0;0,0;0,0;0,0;4,0;1,0;0,0;0,0;0,0;0,0;0,0;0,0;0,0;0,0;0,0;0,0;5,0
7;2004-08-21;0,0;0,0;1,0;1,0;0,0;3,0;0,0;3,0;1,0;1,0;0,0;0,0;0,0;2,0;0,0;0,0;0,0;0,0;0,0;0,0;12,0
8;2004-08-28;0,0;1,0;1,0;0,0;0,0;1,0;0,0;9,0;8,0;3,0;1,0;0,0;0,0;0,0;0,0;0,0;0,0;0,0;0,0;0,0;24,0
9;2004-09-04;0,0;0,0;0,0;0,0;0,0;0,0;0,0;0,0;0,0;0,0;0,0;0,0;0,0;0,0;0,0;0,0;0,0;0,0;0,0;0,0;0,0
10;2004-09-11;0,0;1,0;0,0;0,0;0,0;0,0;0,0;1,0;1,0;0,0;0,0;0,0;0,0;0,0;0,0;0,0;0,0;0,0;0,0;0,0;3,0
11;2004-09-19;0,0;0,0;0,0;0,0;0,0;0,0;1,0;1,0;1,0;0,0;0,0;0,0;0,0;0,0;0,0;0,0;0,0;0,0;0,0;0,0;3,0
12;2004-10-02;1,0;0,0;1,0;0,0;0,0;1,0;0,0;0,0;2,0;0,0;0,0;0,0;0,0;1,0;1,0;0,0;0,0;0,0;3,0;0,0;10,0
13;2004-10-09;0,0;0,0;2,0;1,0;0,0;2,0;8,0;1,0;4,0;0,0;0,0;0,0;1,0;0,0;0,0;0,0;0,0;0,0;0,0;0,0;19,0
14;2004-10-16;0,0;1,0;1,0;1,0;0,0;1,0;4,0;1,0;1,0;2,0;1,0;0,0;0,0;0,0;0,0;0,0;0,0;0,0;0,0;0,0;13,0
15;2004-10-23;0,0;0,0;1,0;1,0;0,0;1,0;25,0;1,0;3,0;1,0;0,0;0,0;0,0;0,0;0,0;0,0;0,0;0,0;0,0;0,0;33,0
16;2004-10-30;0,0;0,0;0,0;0,0;0,0;0,0;0,0;0,0;0,0;0,0;0,0;0,0;0,0;0,0;0,0;0,0;0,0;0,0;0,0;0,0;0,0
17;2004-11-06;0,0;0,0;0,0;0,0;0,0;0,0;0,0;1,0;1,0;0,0;0,0;0,0;0,0;0,0;0,0;0,0;0,0;0,0;0,0;0,0;2,0
18;2004-11-13;0,0;0,0;4,0;0,0;2,0;1,0;25,0;0,0;2,0;0,0;0,0;0,0;1,0;4,0;2,0;0,0;0,0;0,0;0,0;0,0;41,0
19;2004-11-20;0,0;0,0;0,0;0,0;0,0;0,0;0,0;0,0;0,0;0,0;0,0;0,0;0,0;0,0;0,0;0,0;0,0;0,0;0,0;0,0;0,0
20;2004-11-27;0,0;0,0;2,0;1,0;0,0;1,0;0,0;0,0;0,0;0,0;0,0;0,0;0,0;0,0;0,0;0,0;0,0;0,0;0,0;0,0;4,0
21;2004-12-04;0,0;0,0;0,0;0,0;0,0;0,0;0,0;0,0;0,0;0,0;0,0;2,0;0,0;0,0;0,0;0,0;0,0;0,0;0,0;0,0;2,0
22;2004-12-11;0,0;0,0;0,0;0,0;0,0;0,0;0,0;0,0;2,0;0,0;0,0;0,0;0,0;0,0;0,0;0,0;0,0;0,0;0,0;0,0;2,0
23;2004-12-18;0,0;0,0;0,0;0,0;0,0;0,0;0,0;0,0;0,0;0,0;0,0;0,0;0,0;0,0;0,0;0,0;0,0;0,0;0,0;0,0;0,0
24;2004-12-25;0,0;1,0;0,0;0,0;0,0;1,0;0,0;3,0;0,0;0,0;0,0;0,0;0,0;0,0;0,0;0,0;0,0;0,0;0,0;0,0;5,0
25;2005-01-01;0,0;0,0;0,0;0,0;0,0;0,0;0,0;0,0;1,0;1,0;0,0;0,0;0,0;1,0;0,0;0,0;0,0;0,0;0,0;0,0;3,0
26;2005-01-08;0,0;0,0;0,0;0,0;0,0;0,0;0,0;0,0;0,0;0,0;0,0;0,0;0,0;0,0;0,0;0,0;0,0;0,0;0,0;0,0;0,0
27;2005-01-15;0,0;0,0;0,0;0,0;0,0;0,0;0,0;1,0;10,0;2,0;0,0;0,0;0,0;1,0;0,0;0,0;0,0;0,0;0,0;0,0;14,0
28;2005-01-22;0,0;0,0;0,0;0,0;0,0;0,0;0,0;0,0;0,0;0,0;0,0;5,0;0,0;1,0;0,0;0,0;0,0;0,0;0,0;0,0;6,0
29;2005-01-29;0,0;0,0;0,0;0,0;0,0;0,0;15,0;0,0;5,0;2,0;0,0;0,0;1,0;4,0;0,0;0,0;0,0;0,0;0,0;0,0;27,0
30;2005-02-05;0,0;0,0;0,0;0,0;0,0;0,0;0,0;1,0;1,0;0,0;0,0;0,0;0,0;5,0;0,0;0,0;0,0;0,0;0,0;0,0;7,0
31;2005-02-12;0,0;0,0;0,0;0,0;0,0;0,0;0,0;1,0;3,0;0,0;0,0;0,0;0,0;0,0;0,0;0,0;0,0;0,0;0,0;0,0;4,0
32;2005-02-19;5,0;0,0;1,0;1,0;0,0;1,0;0,0;0,0;7,0;0,0;0,0;0,0;3,0;5,0;0,0;0,0;0,0;0,0;0,0;0,0;23,0
33;2005-02-26;0,0;0,0;0,0;0,0;0,0;0,0;0,0;0,0;0,0;0,0;0,0;0,0;0,0;0,0;0,0;0,0;0,0;0,0;0,0;0,0;0,0
34;2005-03-05;0,0;0,0;0,0;0,0;0,0;0,0;0,0;0,0;0,0;0,0;0,0;0,0;0,0;0,0;0,0;0,0;0,0;0,0;0,0;0,0;0,0
35;2005-03-12;1,0;0,0;1,0;1,0;2,0;1,0;0,0;0,0;0,0;0,0;0,0;0,0;0,0;2,0;0,0;0,0;0,0;0,0;0,0;0,0;8,0
36;2005-03-19;0,0;0,0;2,0;2,0;0,0;2,0;0,0;0,0;1,0;1,0;0,0;0,0;1,0;0,0;0,0;0,0;0,0;0,0;0,0;0,0;9,0
37;2005-03-26;0,0;0,0;0,0;0,0;0,0;0,0;0,0;0,0;2,0;0,0;0,0;0,0;0,0;0,0;0,0;0,0;0,0;0,0;0,0;0,0;2,0
38;2005-04-02;0,0;0,0;9,0;0,0;0,0;0,0;0,0;3,0;7,0;2,0;0,0;1,0;0,0;0,0;0,0;0,0;0,0;0,0;0,0;0,0;22,0
39;2005-04-09;0,0;0,0;1,0;1,0;0,0;1,0;0,0;4,0;6,0;0,0;1,0;1,0;0,0;1,0;0,0;0,0;0,0;0,0;0,0;0,0;16,0
40;2005-04-16;0,0;0,0;0,0;0,0;0,0;0,0;0,0;0,0;0,0;0,0;0,0;0,0;0,0;0,0;0,0;0,0;0,0;0,0;0,0;0,0;0,0
41;2005-04-23;0,0;0,0;0,0;0,0;0,0;0,0;0,0;0,0;0,0;0,0;0,0;0,0;0,0;3,0;0,0;0,0;0,0;0,0;0,0;0,0;3,0
42;2005-04-30;9,0;1,0;0,0;0,0;0,0;0,0;0,0;0,0;0,0;0,0;0,0;0,0;0,0;0,0;0,0;0,0;0,0;0,0;0,0;0,0;10,0
43;2005-05-07;0,0;0,0;3,0;1,0;0,0;2,0;0,0;5,0;0,0;0,0;0,0;0,0;1,0;5,0;0,0;0,0;0,0;0,0;0,0;0,0;17,0
44;2005-05-14;12,0;7,0;2,0;0,0;2,0;0,0;7,0;6,0;2,0;0,0;0,0;1,0;0,0;0,0;0,0;0,0;0,0;2,0;0,0;5,0;46,0
45;2005-05-21;0,0;4,0;3,0;1,0;0,0;0,0;0,0;0,0;2,0;0,0;0,0;0,0;0,0;0,0;0,0;0,0;0,0;1,0;0,0;0,0;11,0
46;2005-05-28;0,0;0,0;0,0;0,0;0,0;0,0;5,0;2,0;0,0;0,0;0,0;2,0;0,0;1,0;0,0;0,0;0,0;0,0;0,0;0,0;10,0
47;2005-06-04;0,0;0,0;0,0;0,0;0,0;0,0;0,0;0,0;1,0;0,0;0,0;2,0;0,0;0,0;0,0;0,0;0,0;0,0;0,0;0,0;3,0
48;2005-06-11;1,0;4,0;1,0;0,0;1,0;0,0;0,0;0,0;3,0;0,0;0,0;0,0;1,0;4,0;0,0;0,0;0,0;0,0;0,0;0,0;15,0
49;2005-06-18;0,0;0,0;2,0;0,0;2,0;0,0;0,0;0,0;1,0;0,0;0,0;0,0;2,0;5,0;0,0;0,0;0,0;2,0;3,0;10,0;27,0
50;2005-06-25;0,0;0,0;1,0;1,0;0,0;0,0;0,0;0,0;4,0;0,0;0,0;0,0;0,0;1,0;0,0;0,0;0,0;0,0;0,0;0,0;7,0
51;2005-07-02;0,0;0,0;0,0;0,0;0,0;0,0;0,0;3,0;5,0;0,0;0,0;0,0;0,0;0,0;0,0;0,0;0,0;0,0;0,0;0,0;8,0
52;2005-07-09;0,0;0,0;4,0;0,0;0,0;0,0;0,0;4,0;10,0;0,0;0,0;0,0;0,0;3,0;0,0;0,0;0,0;0,0;0,0;0,0;21,0
53;2005-07-16;0,0;1,0;0,0;0,0;0,0;0,0;0,0;0,0;0,0;0,0;0,0;0,0;1,0;1,0;0,0;4,0;0,0;0,0;0,0;8,0;15,0
54;2005-07-23;0,0;0,0;2,0;0,0;0,0;1,0;7,0;0,0;1,0;0,0;0,0;0,0;1,0;3,0;1,0;0,0;0,0;0,0;0,0;0,0;16,0
55;2005-07-30;3,0;0,0;1,0;1,0;0,0;1,0;0,0;0,0;2,0;0,0;0,0;0,0;2,0;1,0;0,0;0,0;0,0;0,0;0,0;0,0;11,0
56;2005-08-06;0,0;8,0;0,0;0,0;1,0;1,0;0,0;6,0;2,0;1,0;0,0;0,0;1,0;5,0;0,0;0,0;0,0;0,0;0,0;0,0;25,0
57;2005-08-13;0,0;0,0;0,0;0,0;0,0;0,0;4,0;8,0;4,0;0,0;0,0;1,0;2,0;1,0;0,0;0,0;1,0;1,0;0,0;3,0;25,0
58;2005-08-20;0,0;0,0;0,0;0,0;0,0;0,0;2,0;0,0;0,0;0,0;0,0;0,0;0,0;0,0;0,0;0,0;0,0;0,0;0,0;0,0;2,0
59;2005-08-27;0,0;0,0;0,0;0,0;0,0;0,0;0,0;2,0;0,0;0,0;0,0;0,0;0,0;1,0;0,0;0,0;0,0;0,0;0,0;0,0;3,0
60;2005-09-03;0,0;0,0;0,0;0,0;0,0;0,0;0,0;0,0;0,0;1,0;0,0;0,0;1,0;0,0;0,0;0,0;0,0;0,0;0,0;0,0;2,0
61;2005-09-10;10,0;0,0;0,0;0,0;0,0;0,0;0,0;1,0;5,0;5,0;0,0;0,0;0,0;0,0;0,0;0,0;0,0;0,0;0,0;0,0;21,0
62;2005-09-17;8,0;1,0;0,0;0,0;0,0;0,0;0,0;0,0;0,0;0,0;0,0;2,0;2,0;2,0;2,0;0,0;0,0;0,0;0,0;0,0;17,0
63;2005-09-24;0,0;0,0;0,0;0,0;0,0;0,0;0,0;0,0;0,0;0,0;0,0;0,0;0,0;0,0;0,0;0,0;0,0;0,0;0,0;0,0;0,0
64;2005-10-01;0,0;0,0;0,0;0,0;0,0;0,0;0,0;1,0;0,0;0,0;0,0;0,0;0,0;0,0;0,0;0,0;0,0;0,0;0,0;0,0;1,0
65;2005-10-08;0,0;0,0;0,0;0,0;0,0;0,0;1,0;1,0;4,0;3,0;0,0;0,0;0,0;0,0;0,0;0,0;0,0;0,0;0,0;0,0;9,0
66;2005-10-15;1,0;5,0;2,0;0,0;0,0;0,0;0,0;1,0;5,0;0,0;0,0;1,0;2,0;2,0;0,0;0,0;0,0;0,0;0,0;0,0;19,0
67;2005-10-22;0,0;0,0;0,0;0,0;0,0;0,0;9,0;2,0;8,0;0,0;1,0;1,0;0,0;0,0;0,0;0,0;0,0;0,0;0,0;0,0;21,0
68;2005-10-29;0,0;0,0;1,0;0,0;0,0;1,0;0,0;0,0;3,0;0,0;0,0;0,0;0,0;0,0;0,0;0,0;0,0;0,0;0,0;0,0;5,0
69;2005-11-05;0,0;0,0;0,0;0,0;0,0;0,0;0,0;0,0;2,0;1,0;0,0;0,0;0,0;0,0;0,0;0,0;0,0;0,0;0,0;0,0;3,0
70;2005-11-12;0,0;0,0;0,0;0,0;0,0;0,0;0,0;0,0;0,0;0,0;0,0;0,0;0,0;0,0;0,0;0,0;0,0;0,0;0,0;0,0;0,0
71;2005-11-19;0,0;0,0;0,0;0,0;0,0;0,0;0,0;0,0;1,0;1,0;0,0;0,0;1,0;1,0;0,0;0,0;0,0;0,0;0,0;0,0;4,0
72;2005-12-10;0,0;0,0;0,0;0,0;0,0;0,0;0,0;0,0;1,0;0,0;0,0;0,0;0,0;0,0;0,0;0,0;0,0;0,0;0,0;0,0;1,0
73;2005-12-17;0,0;0,0;0,0;0,0;0,0;0,0;0,0;0,0;1,0;0,0;0,0;0,0;0,0;0,0;0,0;0,0;0,0;0,0;0,0;0,0;1,0
74;2005-12-24;0,0;0,0;0,0;0,0;0,0;0,0;0,0;1,0;3,0;1,0;0,0;0,0;0,0;1,0;0,0;0,0;0,0;0,0;0,0;0,0;6,0
75;2005-12-31;0,0;0,0;0,0;0,0;0,0;0,0;0,0;0,0;0,0;0,0;0,0;0,0;0,0;0,0;0,0;0,0;0,0;0,0;0,0;0,0;0,0
76;2006-07-01;0,0;7,0;4,0;0,0;0,0;3,0;6,0;0,0;4,0;2,0;0,0;0,0;0,0;0,0;0,0;0,0;0,0;0,0;4,0;0,0;30,0
77;2006-07-08;0,0;1,0;2,0;1,0;0,0;2,0;1,0;3,0;6,0;0,0;0,0;0,0;0,0;2,0;0,0;3,0;0,0;0,0;0,0;0,0;21,0
78;2006-07-15;0,0;3,0;4,0;2,0;0,0;3,0;8,0;2,0;7,0;2,0;0,0;0,0;1,0;1,0;0,0;0,0;0,0;0,0;0,0;0,0;33,0
79;2006-07-22;2,0;0,0;1,0;1,0;0,0;0,0;1,0;4,0;5,0;0,0;0,0;0,0;1,0;3,0;0,0;0,0;0,0;0,0;0,0;0,0;18,0
80;2006-07-29;0,0;0,0;4,0;4,0;0,0;3,0;0,0;2,0;0,0;0,0;0,0;0,0;2,0;1,0;1,0;0,0;0,0;0,0;0,0;0,0;17,0
81;2006-08-05;0,0;0,0;2,0;2,0;0,0;3,0;0,0;0,0;0,0;0,0;0,0;0,0;2,0;0,0;0,0;0,0;0,0;0,0;0,0;0,0;9,0
82;2006-08-12;0,0;0,0;1,0;0,0;0,0;0,0;1,0;0,0;3,0;1,0;0,0;1,0;2,0;3,0;2,0;0,0;0,0;3,0;0,0;8,0;25,0
83;2006-08-19;0,0;2,0;0,0;0,0;0,0;0,0;0,0;2,0;0,0;0,0;0,0;0,0;1,0;1,0;0,0;0,0;0,0;0,0;0,0;0,0;6,0
84;2006-08-26;0,0;0,0;2,0;0,0;0,0;2,0;4,0;0,0;0,0;0,0;0,0;0,0;1,0;5,0;1,0;0,0;0,0;0,0;0,0;0,0;15,0
85;2006-09-02;0,0;0,0;3,0;1,0;0,0;2,0;0,0;0,0;1,0;0,0;0,0;1,0;0,0;0,0;0,0;0,0;0,0;0,0;0,0;0,0;8,0
86;2006-09-09;0,0;1,0;3,0;2,0;0,0;2,0;1,0;0,0;1,0;1,0;0,0;0,0;0,0;1,0;0,0;0,0;0,0;0,0;0,0;0,0;12,0
87;2006-09-16;0,0;5,0;4,0;1,0;1,0;3,0;0,0;0,0;2,0;2,0;0,0;0,0;0,0;0,0;0,0;0,0;0,0;0,0;0,0;0,0;18,0
88;2006-09-23;0,0;5,0;1,0;0,0;0,0;0,0;32,0;1,0;1,0;1,0;0,0;0,0;0,0;0,0;0,0;0,0;0,0;0,0;0,0;0,0;41,0
89;2006-09-30;3,0;1,0;0,0;0,0;4,0;0,0;0,0;0,0;0,0;0,0;0,0;1,0;0,0;1,0;0,0;0,0;0,0;0,0;0,0;0,0;10,0
90;2006-10-07;0,0;1,0;2,0;0,0;0,0;1,0;0,0;3,0;0,0;1,0;0,0;0,0;1,0;0,0;0,0;0,0;0,0;0,0;0,0;0,0;9,0
91;2006-10-14;0,0;1,0;3,0;1,0;0,0;1,0;0,0;1,0;0,0;0,0;0,0;0,0;0,0;0,0;0,0;0,0;0,0;0,0;0,0;0,0;7,0
92;2006-10-21;0,0;4,0;2,0;0,0;0,0;0,0;0,0;2,0;2,0;1,0;0,0;0,0;0,0;0,0;0,0;0,0;0,0;0,0;0,0;0,0;11,0
93;2006-11-04;2,0;1,0;2,0;0,0;0,0;2,0;6,0;0,0;0,0;0,0;0,0;0,0;0,0;0,0;0,0;0,0;0,0;0,0;0,0;0,0;13,0
94;2006-11-11;2,0;0,0;0,0;0,0;0,0;0,0;0,0;0,0;1,0;1,0;0,0;0,0;0,0;0,0;0,0;0,0;0,0;0,0;0,0;0,0;4,0
95;2006-11-18;0,0;0,0;0,0;0,0;0,0;0,0;0,0;4,0;6,0;3,0;0,0;0,0;0,0;0,0;0,0;0,0;0,0;0,0;0,0;0,0;13,0
96;2006-11-25;0,0;0,0;3,0;1,0;1,0;0,0;0,0;0,0;1,0;0,0;0,0;0,0;0,0;0,0;0,0;0,0;0,0;0,0;0,0;0,0;6,0
97;2006-12-02;0,0;0,0;0,0;0,0;0,0;0,0;0,0;0,0;2,0;2,0;0,0;0,0;0,0;0,0;0,0;0,0;0,0;0,0;0,0;0,0;4,0
98;2006-12-09;0,0;0,0;0,0;0,0;0,0;0,0;0,0;0,0;1,0;1,0;0,0;0,0;0,0;0,0;0,0;0,0;0,0;0,0;0,0;0,0;2,0
99;2006-12-16;8,0;0,0;0,0;0,0;0,0;0,0;0,0;0,0;0,0;0,0;0,0;2,0;0,0;0,0;0,0;0,0;0,0;0,0;0,0;0,0;10,0
100;2006-12-23;2,0;3,0;4,0;0,0;0,0;0,0;0,0;0,0;0,0;0,0;0,0;0,0;0,0;0,0;0,0;0,0;0,0;0,0;0,0;0,0;9,0
101;2006-12-30;2,0;0,0;0,0;0,0;0,0;0,0;0,0;0,0;0,0;0,0;0,0;0,0;0,0;0,0;0,0;0,0;0,0;0,0;0,0;0,0;2,0
102;2007-01-06;0,0;0,0;3,0;0,0;0,0;1,0;20,0;0,0;1,0;1,0;0,0;0,0;0,0;0,0;0,0;0,0;0,0;0,0;0,0;0,0;26,0
103;2007-01-13;0,0;0,0;0,0;0,0;0,0;0,0;11,0;0,0;0,0;0,0;0,0;0,0;0,0;0,0;0,0;0,0;0,0;0,0;0,0;0,0;11,0
104;2007-01-20;12,0;0,0;0,0;0,0;0,0;0,0;0,0;0,0;0,0;0,0;0,0;0,0;0,0;2,0;0,0;0,0;0,0;0,0;0,0;0,0;14,0
105;2007-01-27;0,0;0,0;1,0;0,0;0,0;0,0;0,0;0,0;2,0;2,0;0,0;0,0;0,0;0,0;0,0;0,0;0,0;0,0;0,0;0,0;5,0
106;2007-02-03;16,0;0,0;0,0;0,0;0,0;0,0;0,0;0,0;5,0;3,0;0,0;1,0;0,0;0,0;0,0;0,0;0,0;0,0;0,0;0,0;25,0
107;2007-02-10;2,0;0,0;0,0;0,0;2,0;1,0;0,0;0,0;2,0;2,0;0,0;0,0;1,0;4,0;0,0;0,0;0,0;0,0;0,0;0,0;14,0
108;2007-02-17;0,0;0,0;0,0;0,0;0,0;0,0;0,0;0,0;2,0;1,0;0,0;0,0;0,0;0,0;0,0;0,0;0,0;0,0;0,0;0,0;3,0
109;2007-02-24;0,0;0,0;0,0;0,0;0,0;0,0;0,0;0,0;4,0;2,0;0,0;0,0;0,0;0,0;0,0;0,0;0,0;0,0;0,0;0,0;6,0
110;2007-03-03;0,0;0,0;5,0;0,0;0,0;0,0;13,0;0,0;0,0;0,0;0,0;4,0;0,0;0,0;0,0;0,0;0,0;0,0;0,0;0,0;22,0
111;2007-03-10;0,0;2,0;3,0;5,0;1,0;1,0;20,0;1,0;3,0;2,0;1,0;0,0;1,0;1,0;0,0;0,0;0,0;0,0;0,0;0,0;41,0
112;2007-03-17;0,0;0,0;3,0;0,0;0,0;0,0;0,0;0,0;4,0;0,0;0,0;0,0;0,0;0,0;0,0;0,0;0,0;0,0;0,0;0,0;7,0
113;2007-03-24;0,0;3,0;1,0;1,0;0,0;1,0;31,0;0,0;1,0;1,0;0,0;0,0;0,0;1,0;0,0;0,0;0,0;0,0;0,0;0,0;40,0
114;2007-03-31;0,0;12,0;9,0;0,0;0,0;0,0;0,0;0,0;12,0;0,0;0,0;3,0;1,0;3,0;0,0;0,0;0,0;0,0;0,0;0,0;40,0
115;2007-04-07;0,0;2,0;0,0;2,0;1,0;2,0;10,0;0,0;6,0;3,0;0,0;0,0;3,0;1,0;0,0;0,0;0,0;0,0;0,0;0,0;30,0
116;2007-04-14;0,0;5,0;1,0;1,0;0,0;0,0;0,0;0,0;1,0;0,0;0,0;0,0;1,0;2,0;0,0;0,0;0,0;0,0;0,0;0,0;11,0
117;2007-04-21;15,0;0,0;4,0;2,0;2,0;1,0;1,0;3,0;12,0;3,0;0,0;2,0;1,0;3,0;0,0;9,0;0,0;0,0;0,0;0,0;58,0
118;2007-04-28;1,0;3,0;4,0;3,0;2,0;0,0;0,0;0,0;3,0;4,0;0,0;0,0;1,0;2,0;0,0;1,0;1,0;1,0;2,0;5,0;33,0
119;2007-05-05;9,0;0,0;6,0;0,0;0,0;3,0;0,0;0,0;2,0;0,0;0,0;0,0;0,0;1,0;0,0;0,0;0,0;3,0;0,0;15,0;39,0
120;2007-05-12;0,0;0,0;7,0;0,0;0,0;0,0;0,0;0,0;6,0;1,0;0,0;1,0;2,0;0,0;0,0;0,0;0,0;0,0;0,0;0,0;17,0
121;2007-05-19;0,0;7,0;3,0;4,0;1,0;0,0;5,0;0,0;0,0;0,0;0,0;1,0;2,0;5,0;1,0;0,0;0,0;1,0;0,0;2,0;32,0
122;2007-05-26;0,0;5,0;11,0;2,0;0,0;0,0;0,0;0,0;2,0;0,0;0,0;0,0;0,0;1,0;0,0;0,0;1,0;2,0;0,0;2,0;26,0
123;2007-06-02;0,0;8,0;4,0;3,0;0,0;0,0;0,0;0,0;4,0;0,0;0,0;0,0;0,0;1,0;0,0;0,0;0,0;5,0;9,0;0,0;34,0
124;2007-06-09;1,0;4,0;1,0;1,0;1,0;0,0;3,0;0,0;4,0;0,0;0,0;0,0;1,0;0,0;0,0;0,0;2,0;0,0;0,0;0,0;18,0
125;2007-06-16;0,0;2,0;0,0;2,0;0,0;0,0;0,0;1,0;4,0;1,0;0,0;0,0;0,0;1,0;0,0;0,0;3,0;2,0;3,0;5,0;24,0
126;2007-06-23;0,0;2,0;5,0;3,0;0,0;3,0;1,0;0,0;7,0;0,0;0,0;0,0;0,0;2,0;0,0;0,0;0,0;0,0;0,0;0,0;23,0
127;2007-06-30;0,0;7,0;6,0;5,0;2,0;4,0;1,0;0,0;2,0;1,0;1,0;1,0;2,0;4,0;1,0;0,0;0,0;1,0;4,0;2,0;44,0
128;2007-07-07;7,0;14,0;0,0;0,0;0,0;0,0;3,0;0,0;3,0;0,0;0,0;2,0;2,0;2,0;0,0;0,0;0,0;0,0;0,0;0,0;33,0
129;2007-07-14;0,0;0,0;1,0;0,0;0,0;1,0;0,0;0,0;0,0;0,0;0,0;0,0;2,0;1,0;0,0;0,0;0,0;1,0;0,0;1,0;7,0
130;2007-07-21;0,0;21,0;3,0;0,0;0,0;0,0;0,0;0,0;2,0;0,0;0,0;0,0;2,0;4,0;0,0;0,0;0,0;0,0;0,0;0,0;32,0
131;2007-07-28;0,0;6,0;1,0;1,0;0,0;0,0;4,0;1,0;1,0;0,0;0,0;1,0;0,0;0,0;1,0;5,0;0,0;0,0;0,0;0,0;21,0
132;2007-08-04;0,0;0,0;2,0;1,0;0,0;1,0;0,0;0,0;2,0;1,0;0,0;0,0;1,0;2,0;1,0;0,0;0,0;0,0;0,0;0,0;11,0
133;2007-08-11;0,0;0,0;1,0;0,0;0,0;1,0;0,0;0,0;0,0;0,0;0,0;0,0;0,0;0,0;0,0;0,0;0,0;0,0;0,0;0,0;2,0
134;2007-08-18;0,0;0,0;2,0;2,0;0,0;2,0;0,0;0,0;1,0;0,0;0,0;0,0;1,0;3,0;1,0;0,0;0,0;1,0;0,0;4,0;17,0
135;2007-08-25;0,0;5,0;2,0;0,0;0,0;0,0;8,0;2,0;1,0;1,0;0,0;1,0;0,0;0,0;0,0;0,0;0,0;0,0;0,0;0,0;20,0
136;2007-09-01;0,0;1,0;2,0;2,0;0,0;2,0;0,0;0,0;1,0;2,0;1,0;0,0;0,0;0,0;0,0;0,0;0,0;0,0;0,0;0,0;11,0
137;2007-09-08;0,0;1,0;0,0;0,0;0,0;0,0;0,0;2,0;6,0;0,0;0,0;0,0;0,0;1,0;0,0;2,0;0,0;0,0;0,0;0,0;12,0
138;2007-09-15;4,0;2,0;1,0;0,0;0,0;0,0;15,0;0,0;1,0;1,0;0,0;0,0;1,0;1,0;0,0;0,0;0,0;0,0;0,0;0,0;26,0
139;2007-09-22;0,0;1,0;0,0;0,0;0,0;0,0;0,0;0,0;1,0;0,0;0,0;0,0;0,0;0,0;0,0;0,0;0,0;0,0;0,0;0,0;2,0
140;2007-09-29;0,0;8,0;2,0;1,0;0,0;1,0;0,0;0,0;5,0;0,0;0,0;0,0;0,0;0,0;0,0;0,0;0,0;0,0;0,0;0,0;17,0
141;2007-10-06;0,0;4,0;1,0;2,0;0,0;0,0;7,0;0,0;0,0;0,0;0,0;0,0;0,0;0,0;0,0;0,0;0,0;0,0;0,0;0,0;14,0
142;2007-10-13;7,0;9,0;4,0;0,0;0,0;0,0;17,0;2,0;3,0;2,0;1,0;0,0;0,0;0,0;0,0;0,0;1,0;0,0;0,0;0,0;46,0
143;2007-10-20;5,0;8,0;9,0;1,0;0,0;3,0;0,0;0,0;4,0;1,0;0,0;1,0;1,0;0,0;0,0;0,0;1,0;0,0;0,0;0,0;34,0
144;2007-10-27;0,0;5,0;2,0;0,0;0,0;0,0;1,0;3,0;14,0;0,0;0,0;0,0;0,0;0,0;0,0;0,0;0,0;0,0;0,0;0,0;25,0
145;2007-11-03;0,0;11,0;5,0;4,0;1,0;5,0;0,0;0,0;0,0;0,0;0,0;0,0;0,0;1,0;0,0;0,0;0,0;0,0;2,0;0,0;29,0
146;2007-11-17;0,0;0,0;0,0;0,0;0,0;0,0;10,0;0,0;0,0;0,0;0,0;0,0;0,0;0,0;0,0;0,0;0,0;0,0;0,0;0,0;10,0
147;2007-11-24;12,0;1,0;5,0;3,0;0,0;3,0;0,0;6,0;19,0;0,0;1,0;0,0;0,0;0,0;0,0;0,0;0,0;0,0;0,0;0,0;50,0
148;2007-12-01;0,0;14,0;10,0;0,0;2,0;0,0;0,0;0,0;0,0;0,0;0,0;0,0;1,0;1,0;0,0;0,0;0,0;0,0;0,0;0,0;28,0
149;2007-12-08;0,0;0,0;0,0;0,0;0,0;0,0;0,0;0,0;2,0;0,0;0,0;0,0;0,0;1,0;2,0;5,0;0,0;0,0;0,0;0,0;10,0
150;2007-12-15;14,0;1,0;3,0;2,0;0,0;2,0;18,0;0,0;2,0;2,0;1,0;0,0;0,0;5,0;3,0;1,0;0,0;0,0;0,0;0,0;54,0
151;2007-12-22;0,0;0,0;0,0;0,0;0,0;0,0;0,0;0,0;0,0;0,0;0,0;0,0;0,0;0,0;0,0;0,0;0,0;0,0;0,0;0,0;0,0
152;2007-12-29;7,0;19,0;11,0;1,0;0,0;2,0;0,0;0,0;1,0;0,0;0,0;2,0;0,0;0,0;0,0;0,0;0,0;2,0;0,0;3,0;48,0
153;2008-01-05;0,0;15,0;0,0;0,0;0,0;0,0;12,0;2,0;3,0;0,0;0,0;2,0;0,0;0,0;0,0;8,0;0,0;0,0;0,0;0,0;42,0
154;2008-01-12;21,0;2,0;0,0;0,0;0,0;0,0;0,0;0,0;0,0;0,0;0,0;0,0;0,0;0,0;0,0;0,0;0,0;0,0;0,0;0,0;23,0
155;2008-01-19;0,0;3,0;3,0;0,0;0,0;1,0;6,0;0,0;0,0;0,0;0,0;0,0;0,0;1,0;0,0;0,0;0,0;0,0;0,0;0,0;14,0
156;2008-01-26;31,0;0,0;2,0;0,0;0,0;0,0;0,0;0,0;3,0;0,0;0,0;0,0;0,0;0,0;0,0;0,0;1,0;0,0;0,0;0,0;37,0
157;2008-02-02;6,0;0,0;1,0;1,0;0,0;1,0;0,0;0,0;4,0;3,0;0,0;0,0;0,0;0,0;0,0;0,0;0,0;0,0;0,0;0,0;16,0
158;2008-02-09;0,0;0,0;0,0;0,0;0,0;0,0;0,0;0,0;0,0;0,0;0,0;2,0;0,0;1,0;0,0;0,0;0,0;0,0;0,0;0,0;3,0
159;2008-02-16;0,0;5,0;1,0;0,0;0,0;1,0;20,0;0,0;1,0;1,0;0,0;0,0;1,0;1,0;1,0;0,0;0,0;0,0;0,0;0,0;32,0
160;2008-02-23;0,0;0,0;5,0;4,0;0,0;5,0;14,0;0,0;0,0;0,0;0,0;0,0;0,0;1,0;0,0;0,0;0,0;0,0;0,0;0,0;29,0
161;2008-03-01;12,0;2,0;3,0;2,0;0,0;2,0;3,0;0,0;0,0;1,0;0,0;0,0;1,0;2,0;0,0;0,0;0,0;0,0;0,0;0,0;28,0
162;2008-03-08;8,0;0,0;0,0;0,0;0,0;0,0;6,0;0,0;0,0;0,0;0,0;0,0;0,0;0,0;0,0;0,0;0,0;0,0;0,0;0,0;14,0
163;2008-03-15;0,0;1,0;0,0;0,0;0,0;0,0;6,0;0,0;1,0;0,0;0,0;0,0;0,0;0,0;0,0;0,0;0,0;0,0;0,0;0,0;8,0
164;2008-03-22;0,0;0,0;2,0;2,0;0,0;3,0;0,0;0,0;1,0;1,0;0,0;0,0;0,0;0,0;0,0;0,0;0,0;0,0;0,0;0,0;9,0
165;2008-03-29;5,0;0,0;1,0;0,0;0,0;1,0;20,0;1,0;2,0;0,0;0,0;0,0;0,0;2,0;0,0;0,0;0,0;0,0;0,0;0,0;32,0
166;2008-04-05;0,0;0,0;0,0;0,0;0,0;0,0;4,0;0,0;0,0;0,0;0,0;0,0;0,0;0,0;0,0;0,0;0,0;0,0;0,0;0,0;4,0
167;2008-04-12;0,0;0,0;0,0;0,0;0,0;0,0;10,0;0,0;3,0;2,0;0,0;0,0;1,0;3,0;2,0;0,0;0,0;0,0;0,0;0,0;21,0
168;2008-04-19;0,0;0,0;6,0;2,0;0,0;6,0;30,0;1,0;1,0;1,0;0,0;0,0;3,0;7,0;0,0;0,0;0,0;0,0;0,0;0,0;57,0
169;2008-04-26;0,0;0,0;0,0;0,0;0,0;0,0;0,0;0,0;8,0;0,0;0,0;0,0;0,0;0,0;0,0;0,0;0,0;0,0;0,0;0,0;8,0
170;2008-05-03;0,0;4,0;3,0;0,0;0,0;1,0;16,0;2,0;1,0;2,0;0,0;0,0;2,0;0,0;0,0;0,0;0,0;0,0;0,0;0,0;31,0
171;2008-05-10;0,0;0,0;3,0;1,0;0,0;2,0;0,0;0,0;3,0;0,0;0,0;0,0;2,0;1,0;0,0;0,0;0,0;0,0;0,0;0,0;12,0
172;2008-05-17;0,0;0,0;6,0;1,0;0,0;1,0;7,0;0,0;1,0;0,0;0,0;0,0;0,0;2,0;0,0;0,0;0,0;0,0;0,0;0,0;18,0
173;2008-05-24;4,0;0,0;6,0;7,0;0,0;3,0;4,0;0,0;2,0;0,0;0,0;0,0;2,0;3,0;0,0;0,0;0,0;0,0;3,0;0,0;34,0
174;2008-05-31;2,0;38,0;5,0;3,0;0,0;5,0;2,0;0,0;4,0;0,0;0,0;0,0;0,0;1,0;0,0;0,0;1,0;1,0;1,0;4,0;67,0
175;2008-06-07;0,0;0,0;1,0;4,0;0,0;1,0;3,0;2,0;5,0;0,0;0,0;0,0;2,0;0,0;0,0;4,0;0,0;0,0;0,0;0,0;22,0
176;2008-06-14;0,0;0,0;6,0;3,0;0,0;3,0;0,0;0,0;2,0;0,0;0,0;0,0;1,0;0,0;0,0;0,0;0,0;6,0;0,0;6,0;27,0
177;2008-06-21;0,0;14,0;9,0;4,0;0,0;3,0;0,0;1,0;2,0;0,0;0,0;5,0;1,0;1,0;0,0;3,0;1,0;0,0;0,0;14,0;58,0
178;2008-06-28;0,0;12,0;8,0;7,0;0,0;6,0;11,0;1,0;2,0;0,0;0,0;0,0;2,0;2,0;1,0;0,0;0,0;2,0;6,0;5,0;65,0
179;2008-07-05;0,0;2,0;7,0;4,0;1,0;5,0;0,0;0,0;1,0;0,0;0,0;0,0;0,0;2,0;0,0;2,0;0,0;0,0;0,0;0,0;24,0
180;2008-07-12;0,0;7,0;5,0;1,0;0,0;6,0;2,0;0,0;4,0;0,0;0,0;0,0;2,0;2,0;0,0;0,0;0,0;3,0;0,0;1,0;33,0
181;2008-07-19;6,0;0,0;3,0;2,0;0,0;3,0;0,0;0,0;0,0;0,0;0,0;0,0;2,0;2,0;0,0;0,0;0,0;0,0;4,0;7,0;29,0
182;2008-07-26;0,0;4,0;4,0;0,0;0,0;1,0;0,0;0,0;3,0;0,0;0,0;0,0;1,0;0,0;0,0;0,0;0,0;0,0;0,0;0,0;13,0
183;2008-08-02;0,0;28,0;3,0;0,0;2,0;3,0;0,0;0,0;1,0;1,0;0,0;1,0;1,0;2,0;0,0;0,0;0,0;0,0;0,0;0,0;42,0
184;2008-08-09;0,0;0,0;7,0;3,0;0,0;3,0;4,0;0,0;5,0;3,0;0,0;0,0;0,0;0,0;0,0;0,0;0,0;0,0;2,0;0,0;27,0
185;2008-08-16;0,0;12,0;0,0;0,0;0,0;1,0;0,0;0,0;1,0;1,0;1,0;0,0;0,0;4,0;1,0;0,0;0,0;0,0;0,0;0,0;21,0
186;2008-08-23;7,0;0,0;0,0;0,0;0,0;0,0;1,0;0,0;2,0;0,0;0,0;0,0;0,0;1,0;0,0;0,0;0,0;0,0;0,0;0,0;11,0
187;2008-08-30;8,0;0,0;1,0;0,0;0,0;2,0;0,0;0,0;2,0;2,0;0,0;0,0;1,0;3,0;0,0;0,0;0,0;0,0;1,0;2,0;22,0
188;2008-09-06;1,0;0,0;2,0;0,0;0,0;0,0;0,0;0,0;14,0;0,0;0,0;0,0;1,0;1,0;0,0;0,0;0,0;0,0;0,0;0,0;19,0
189;2008-09-13;0,0;1,0;4,0;1,0;0,0;3,0;5,0;0,0;2,0;0,0;0,0;0,0;0,0;2,0;0,0;0,0;0,0;0,0;0,0;0,0;18,0
190;2008-09-20;0,0;1,0;4,0;0,0;0,0;2,0;0,0;0,0;0,0;0,0;0,0;0,0;0,0;3,0;0,0;0,0;0,0;0,0;0,0;0,0;10,0
191;2008-09-27;0,0;1,0;3,0;0,0;0,0;0,0;15,0;0,0;4,0;2,0;0,0;0,0;1,0;2,0;0,0;0,0;0,0;0,0;0,0;0,0;28,0
192;2008-10-04;0,0;12,0;12,0;0,0;0,0;1,0;0,0;4,0;6,0;3,0;1,0;0,0;1,0;0,0;0,0;0,0;0,0;0,0;0,0;0,0;40,0
193;2008-10-11;0,0;1,0;8,0;1,0;0,0;2,0;8,0;3,0;4,0;2,0;0,0;0,0;0,0;2,0;1,0;0,0;0,0;0,0;0,0;0,0;32,0
194;2008-10-18;0,0;5,0;1,0;1,0;0,0;1,0;0,0;1,0;5,0;0,0;0,0;0,0;0,0;0,0;0,0;0,0;0,0;0,0;0,0;0,0;14,0
195;2008-10-25;0,0;5,0;2,0;2,0;0,0;2,0;0,0;3,0;6,0;4,0;0,0;0,0;1,0;2,0;3,0;0,0;0,0;0,0;0,0;0,0;30,0
196;2008-11-01;0,0;1,0;3,0;1,0;0,0;2,0;0,0;0,0;14,0;3,0;1,0;0,0;0,0;1,0;1,0;0,0;0,0;0,0;0,0;0,0;27,0
197;2008-11-08;0,0;1,0;0,0;0,0;0,0;0,0;0,0;0,0;6,0;3,0;0,0;0,0;0,0;1,0;0,0;0,0;0,0;0,0;0,0;0,0;11,0
198;2008-11-15;9,0;0,0;1,0;0,0;0,0;1,0;5,0;2,0;9,0;1,0;0,0;0,0;0,0;0,0;0,0;0,0;0,0;0,0;0,0;0,0;28,0
199;2008-11-22;11,0;2,0;4,0;1,0;0,0;4,0;2,0;0,0;3,0;2,0;0,0;0,0;0,0;0,0;2,0;0,0;0,0;0,0;0,0;0,0;31,0
200;2008-11-29;0,0;0,0;0,0;0,0;0,0;0,0;0,0;3,0;15,0;1,0;0,0;0,0;0,0;0,0;0,0;0,0;0,0;0,0;0,0;0,0;19,0
201;2008-12-06;0,0;16,0;1,0;1,0;0,0;0,0;0,0;1,0;2,0;1,0;0,0;1,0;0,0;0,0;0,0;0,0;0,0;0,0;0,0;0,0;23,0
202;2008-12-13;0,0;0,0;9,0;5,0;0,0;4,0;4,0;0,0;9,0;4,0;0,0;0,0;0,0;0,0;0,0;1,0;0,0;0,0;0,0;0,0;36,0
203;2008-12-20;7,0;2,0;29,0;0,0;3,0;9,0;0,0;0,0;1,0;0,0;0,0;0,0;0,0;0,0;0,0;0,0;0,0;0,0;0,0;0,0;51,0
204;2008-12-27;0,0;5,0;0,0;0,0;0,0;0,0;10,0;0,0;0,0;0,0;0,0;0,0;0,0;1,0;0,0;1,0;0,0;0,0;0,0;0,0;17,0
205;2009-01-03;0,0;0,0;1,0;0,0;0,0;1,0;13,0;0,0;7,0;3,0;0,0;0,0;0,0;2,0;1,0;0,0;0,0;0,0;0,0;0,0;28,0
206;2009-01-10;0,0;1,0;2,0;0,0;0,0;2,0;15,0;0,0;0,0;0,0;3,0;1,0;0,0;0,0;0,0;0,0;0,0;0,0;0,0;0,0;24,0
207;2009-01-17;0,0;0,0;1,0;1,0;0,0;1,0;0,0;0,0;1,0;0,0;0,0;0,0;0,0;0,0;0,0;0,0;0,0;0,0;0,0;0,0;4,0
208;2009-01-24;0,0;5,0;0,0;0,0;0,0;0,0;20,0;0,0;1,0;1,0;1,0;0,0;0,0;0,0;0,0;0,0;0,0;0,0;0,0;0,0;28,0
209;2009-01-31;0,0;1,0;6,0;0,0;1,0;3,0;12,0;0,0;0,0;2,0;1,0;0,0;0,0;0,0;0,0;0,0;0,0;0,0;0,0;0,0;26,0
210;2009-02-07;0,0;5,0;1,0;1,0;0,0;2,0;9,0;0,0;4,0;0,0;0,0;0,0;1,0;3,0;0,0;0,0;0,0;0,0;0,0;0,0;26,0
211;2009-02-14;6,0;17,0;13,0;0,0;0,0;6,0;16,0;0,0;1,0;1,0;0,0;2,0;0,0;2,0;0,0;0,0;0,0;0,0;0,0;0,0;64,0
212;2009-02-21;8,0;0,0;1,0;0,0;1,0;1,0;0,0;0,0;1,0;2,0;0,0;0,0;0,0;0,0;0,0;0,0;0,0;0,0;0,0;0,0;14,0
213;2009-02-28;0,0;0,0;5,0;3,0;2,0;3,0;0,0;0,0;0,0;0,0;0,0;0,0;0,0;0,0;0,0;0,0;0,0;0,0;0,0;0,0;13,0
214;2009-03-07;0,0;0,0;1,0;1,0;0,0;0,0;8,0;0,0;2,0;1,0;0,0;0,0;0,0;1,0;1,0;0,0;0,0;0,0;0,0;0,0;15,0
215;2009-03-14;0,0;0,0;0,0;0,0;0,0;0,0;0,0;0,0;1,0;1,0;0,0;0,0;2,0;2,0;0,0;0,0;0,0;0,0;0,0;0,0;6,0
216;2009-03-21;0,0;0,0;0,0;0,0;0,0;0,0;3,0;0,0;7,0;6,0;2,0;0,0;3,0;2,0;1,0;0,0;0,0;0,0;0,0;0,0;24,0
217;2009-03-28;0,0;0,0;2,0;1,0;0,0;1,0;0,0;0,0;1,0;2,0;0,0;0,0;0,0;1,0;1,0;0,0;0,0;0,0;0,0;0,0;9,0
218;2009-04-04;1,0;0,0;2,0;1,0;1,0;1,0;7,0;3,0;6,0;0,0;0,0;0,0;0,0;0,0;0,0;0,0;0,0;0,0;0,0;0,0;22,0
219;2009-04-11;9,0;10,0;9,0;4,0;1,0;8,0;7,0;0,0;7,0;4,0;1,0;0,0;3,0;3,0;0,0;0,0;0,0;0,0;0,0;0,0;66,0
220;2009-04-18;15,0;0,0;5,0;1,0;0,0;3,0;0,0;0,0;27,0;0,0;0,0;0,0;1,0;1,0;0,0;0,0;0,0;0,0;0,0;0,0;53,0
221;2009-04-25;0,0;0,0;6,0;7,0;0,0;6,0;0,0;1,0;2,0;3,0;1,0;0,0;1,0;0,0;0,0;0,0;0,0;0,0;0,0;0,0;27,0
222;2009-05-02;27,0;1,0;3,0;0,0;1,0;1,0;7,0;0,0;4,0;1,0;0,0;2,0;1,0;0,0;0,0;0,0;0,0;0,0;0,0;0,0;48,0
223;2009-05-09;0,0;1,0;0,0;0,0;0,0;0,0;9,0;0,0;2,0;3,0;0,0;0,0;4,0;1,0;0,0;0,0;0,0;0,0;0,0;0,0;20,0
224;2009-05-16;16,0;6,0;1,0;0,0;0,0;0,0;12,0;0,0;5,0;3,0;0,0;0,0;2,0;0,0;0,0;0,0;0,0;0,0;0,0;0,0;45,0
225;2009-05-23;7,0;0,0;7,0;3,0;0,0;3,0;0,0;0,0;1,0;0,0;0,0;0,0;0,0;0,0;0,0;0,0;0,0;0,0;0,0;0,0;21,0
226;2009-05-30;2,0;24,0;8,0;7,0;0,0;4,0;0,0;0,0;2,0;1,0;0,0;0,0;0,0;1,0;0,0;0,0;0,0;0,0;0,0;0,0;49,0
227;2009-06-06;0,0;0,0;19,0;5,0;1,0;2,0;2,0;1,0;3,0;1,0;0,0;0,0;1,0;4,0;0,0;0,0;0,0;0,0;0,0;0,0;39,0
228;2009-06-13;0,0;10,0;4,0;1,0;0,0;3,0;7,0;0,0;3,0;0,0;0,0;0,0;0,0;3,0;0,0;0,0;0,0;0,0;0,0;0,0;31,0
229;2009-06-20;0,0;28,0;21,0;6,0;0,0;5,0;0,0;3,0;7,0;0,0;0,0;0,0;2,0;1,0;1,0;0,0;1,0;0,0;0,0;0,0;75,0
230;2009-06-27;1,0;0,0;0,0;0,0;0,0;0,0;0,0;0,0;3,0;0,0;0,0;0,0;1,0;1,0;0,0;0,0;0,0;0,0;0,0;0,0;6,0
231;2009-07-04;0,0;7,0;5,0;7,0;0,0;6,0;0,0;0,0;10,0;2,0;0,0;0,0;3,0;3,0;0,0;0,0;0,0;0,0;0,0;0,0;43,0
232;2009-07-11;0,0;0,0;11,0;3,0;0,0;6,0;0,0;0,0;3,0;2,0;1,0;1,0;1,0;2,0;2,0;0,0;0,0;0,0;0,0;0,0;32,0
233;2009-07-18;0,0;8,0;5,0;1,0;0,0;4,0;2,0;0,0;8,0;0,0;0,0;0,0;2,0;1,0;0,0;0,0;0,0;0,0;0,0;0,0;31,0
234;2009-07-25;13,0;3,0;7,0;4,0;0,0;5,0;0,0;0,0;7,0;0,0;2,0;0,0;4,0;2,0;1,0;0,0;0,0;0,0;0,0;0,0;48,0
235;2009-08-01;0,0;0,0;0,0;1,0;0,0;0,0;0,0;0,0;2,0;1,0;1,0;0,0;2,0;2,0;0,0;0,0;0,0;0,0;0,0;0,0;9,0
236;2009-08-08;0,0;0,0;0,0;0,0;0,0;0,0;0,0;0,0;3,0;0,0;1,0;1,0;0,0;0,0;0,0;0,0;0,0;0,0;0,0;0,0;5,0
237;2009-08-15;0,0;0,0;0,0;0,0;0,0;0,0;1,0;0,0;2,0;0,0;3,0;0,0;1,0;1,0;0,0;0,0;0,0;5,0;2,0;14,0;29,0
238;2009-08-22;8,0;1,0;3,0;4,0;0,0;2,0;0,0;0,0;6,0;1,0;2,0;1,0;0,0;3,0;1,0;0,0;0,0;0,0;3,0;0,0;35,0
239;2009-08-29;0,0;13,0;5,0;4,0;0,0;4,0;0,0;0,0;0,0;1,0;0,0;1,0;0,0;2,0;1,0;0,0;0,0;0,0;0,0;0,0;31,0
240;2009-09-05;0,0;2,0;6,0;1,0;2,0;6,0;0,0;0,0;1,0;1,0;0,0;0,0;0,0;0,0;0,0;0,0;0,0;0,0;0,0;0,0;19,0
241;2009-09-12;0,0;0,0;1,0;1,0;0,0;2,0;4,0;0,0;10,0;1,0;3,0;0,0;1,0;1,0;0,0;0,0;0,0;0,0;0,0;0,0;24,0
242;2009-09-19;2,0;0,0;1,0;0,0;0,0;0,0;3,0;0,0;1,0;1,0;0,0;0,0;0,0;0,0;0,0;0,0;0,0;0,0;0,0;0,0;8,0
243;2009-09-26;0,0;0,0;1,0;0,0;1,0;1,0;0,0;1,0;1,0;1,0;0,0;0,0;0,0;1,0;0,0;0,0;0,0;0,0;0,0;0,0;7,0
244;2009-10-03;6,0;0,0;2,0;0,0;0,0;1,0;0,0;0,0;4,0;2,0;0,0;0,0;0,0;0,0;0,0;0,0;0,0;0,0;4,0;1,0;20,0
245;2009-10-10;0,0;4,0;3,0;1,0;1,0;1,0;0,0;0,0;3,0;2,0;2,0;1,0;1,0;0,0;0,0;0,0;0,0;0,0;0,0;0,0;19,0
246;2009-10-17;0,0;0,0;3,0;0,0;0,0;1,0;0,0;1,0;9,0;1,0;0,0;0,0;0,0;0,0;0,0;0,0;0,0;0,0;0,0;0,0;15,0
247;2009-10-24;4,0;3,0;1,0;1,0;0,0;1,0;2,0;3,0;6,0;2,0;1,0;0,0;0,0;0,0;0,0;0,0;0,0;0,0;0,0;0,0;24,0
248;2009-11-01;0,0;0,0;6,0;0,0;0,0;0,0;0,0;5,0;13,0;2,0;2,0;0,0;0,0;0,0;0,0;0,0;0,0;0,0;0,0;0,0;28,0
249;2009-11-07;0,0;0,0;3,0;3,0;1,0;3,0;0,0;0,0;11,0;6,0;0,0;0,0;0,0;1,0;0,0;0,0;0,0;0,0;0,0;0,0;28,0
250;2009-11-14;0,0;3,0;1,0;1,0;0,0;1,0;0,0;0,0;8,0;3,0;1,0;0,0;0,0;0,0;0,0;0,0;0,0;0,0;0,0;0,0;18,0
251;2009-11-21;0,0;2,0;7,0;7,0;1,0;5,0;0,0;0,0;8,0;7,0;0,0;0,0;0,0;0,0;0,0;0,0;0,0;0,0;0,0;0,0;37,0
252;2009-11-28;0,0;0,0;3,0;1,0;1,0;2,0;0,0;2,0;1,0;1,0;1,0;0,0;0,0;0,0;0,0;0,0;0,0;0,0;0,0;0,0;12,0
253;2009-12-05;0,0;0,0;3,0;0,0;4,0;4,0;1,0;0,0;1,0;1,0;0,0;0,0;0,0;0,0;0,0;0,0;0,0;3,0;0,0;6,0;23,0
254;2009-12-12;0,0;3,0;7,0;0,0;2,0;2,0;0,0;0,0;6,0;5,0;0,0;0,0;0,0;0,0;0,0;0,0;0,0;0,0;0,0;0,0;25,0
255;2009-12-19;0,0;4,0;0,0;0,0;0,0;0,0;11,0;2,0;3,0;2,0;0,0;1,0;0,0;0,0;0,0;0,0;0,0;0,0;0,0;0,0;23,0
256;2010-01-23;0,0;0,0;0,0;0,0;0,0;0,0;28,0;0,0;0,0;0,0;0,0;0,0;0,0;0,0;0,0;0,0;0,0;0,0;0,0;5,0;33,0
257;2010-02-20;8,0;0,0;0,0;0,0;0,0;0,0;15,0;0,0;8,0;4,0;1,0;0,0;0,0;0,0;0,0;0,0;0,0;0,0;0,0;0,0;36,0
258;2010-02-27;0,0;1,0;0,0;0,0;1,0;0,0;0,0;0,0;3,0;1,0;0,0;0,0;0,0;0,0;0,0;0,0;0,0;6,0;10,0;0,0;22,0
259;2010-03-06;0,0;10,0;7,0;1,0;2,0;6,0;0,0;0,0;3,0;2,0;0,0;0,0;0,0;0,0;0,0;1,0;0,0;0,0;0,0;0,0;32,0
260;2010-03-13;0,0;0,0;2,0;1,0;0,0;1,0;12,0;0,0;8,0;3,0;0,0;0,0;0,0;0,0;0,0;0,0;0,0;0,0;0,0;0,0;27,0
261;2010-03-20;3,0;0,0;2,0;1,0;2,0;1,0;15,0;0,0;0,0;2,0;0,0;2,0;0,0;2,0;0,0;0,0;0,0;0,0;0,0;0,0;30,0
262;2010-03-27;0,0;0,0;5,0;2,0;1,0;5,0;3,0;0,0;3,0;4,0;0,0;0,0;0,0;0,0;0,0;0,0;0,0;0,0;0,0;0,0;23,0
263;2010-04-03;0,0;5,0;1,0;0,0;0,0;1,0;2,0;0,0;1,0;2,0;0,0;0,0;0,0;2,0;0,0;0,0;0,0;0,0;0,0;0,0;14,0
264;2010-04-10;0,0;4,0;6,0;3,0;1,0;7,0;0,0;0,0;5,0;4,0;0,0;0,0;2,0;2,0;1,0;0,0;0,0;0,0;0,0;0,0;35,0
265;2010-04-17;0,0;2,0;2,0;3,0;0,0;2,0;4,0;0,0;6,0;4,0;1,0;0,0;1,0;1,0;0,0;0,0;0,0;0,0;0,0;0,0;26,0
266;2010-04-24;0,0;0,0;8,0;7,0;1,0;7,0;0,0;0,0;10,0;2,0;0,0;0,0;0,0;0,0;0,0;0,0;0,0;0,0;0,0;0,0;35,0
267;2010-05-01;29,0;1,0;1,0;1,0;0,0;0,0;9,0;0,0;5,0;4,0;0,0;0,0;0,0;0,0;0,0;0,0;0,0;0,0;0,0;0,0;50,0
268;2010-05-08;8,0;0,0;3,0;1,0;1,0;1,0;8,0;0,0;1,0;2,0;0,0;0,0;0,0;1,0;0,0;1,0;0,0;0,0;0,0;0,0;27,0
269;2010-05-15;26,0;0,0;5,0;5,0;0,0;4,0;0,0;0,0;4,0;11,0;0,0;0,0;0,0;1,0;0,0;0,0;0,0;0,0;0,0;0,0;56,0
270;2010-05-22;10,0;19,0;14,0;8,0;0,0;8,0;9,0;0,0;0,0;0,0;0,0;1,0;2,0;0,0;0,0;0,0;0,0;3,0;0,0;0,0;74,0
271;2010-05-29;1,0;0,0;3,0;8,0;2,0;7,0;16,0;0,0;2,0;1,0;0,0;0,0;1,0;0,0;0,0;0,0;0,0;0,0;1,0;0,0;42,0
272;2010-06-05;0,0;13,0;12,0;7,0;1,0;11,0;2,0;0,0;7,0;0,0;0,0;0,0;2,0;1,0;0,0;0,0;0,0;0,0;0,0;0,0;56,0
273;2010-06-12;15,0;0,0;9,0;4,0;2,0;2,0;4,0;0,0;3,0;0,0;0,0;0,0;1,0;1,0;0,0;0,0;0,0;0,0;0,0;0,0;41,0
274;2010-06-19;0,0;5,0;17,0;10,0;0,0;7,0;1,0;0,0;9,0;1,0;1,0;3,0;0,0;2,0;0,0;0,0;0,0;1,0;0,0;10,0;67,0
275;2010-06-26;18,0;4,0;6,0;3,0;2,0;3,0;0,0;0,0;6,0;5,0;3,0;0,0;0,0;1,0;0,0;0,0;0,0;0,0;0,0;0,0;51,0
276;2010-07-03;4,0;0,0;5,0;2,0;0,0;3,0;2,0;0,0;3,0;0,0;0,0;0,0;0,0;1,0;0,0;0,0;1,0;1,0;0,0;0,0;22,0
277;2010-07-10;0,0;6,0;10,0;3,0;0,0;5,0;0,0;0,0;11,0;3,0;2,0;1,0;0,0;2,0;0,0;0,0;0,0;0,0;0,0;0,0;43,0
278;2010-07-17;10,0;1,0;5,0;3,0;0,0;3,0;0,0;0,0;12,0;4,0;0,0;0,0;1,0;1,0;0,0;0,0;0,0;2,0;0,0;9,0;51,0
279;2010-07-24;0,0;6,0;14,0;13,0;0,0;12,0;5,0;2,0;4,0;0,0;3,0;0,0;1,0;1,0;0,0;0,0;0,0;0,0;0,0;0,0;61,0
280;2010-07-31;0,0;0,0;3,0;1,0;0,0;2,0;0,0;0,0;4,0;2,0;2,0;0,0;1,0;0,0;0,0;0,0;0,0;1,0;0,0;1,0;17,0
281;2010-08-07;0,0;19,0;4,0;3,0;0,0;4,0;4,0;1,0;1,0;1,0;0,0;0,0;1,0;0,0;0,0;0,0;0,0;0,0;0,0;0,0;38,0
282;2010-08-14;0,0;0,0;8,0;2,0;0,0;5,0;5,0;0,0;4,0;1,0;0,0;0,0;1,0;1,0;0,0;0,0;0,0;0,0;0,0;0,0;27,0
283;2010-08-21;0,0;0,0;3,0;1,0;0,0;1,0;4,0;0,0;10,0;3,0;0,0;0,0;0,0;1,0;0,0;0,0;0,0;0,0;0,0;0,0;23,0
284;2010-08-28;0,0;1,0;20,0;0,0;1,0;9,0;8,0;0,0;4,0;6,0;1,0;0,0;1,0;1,0;0,0;0,0;0,0;1,0;0,0;2,0;55,0
285;2010-09-04;0,0;0,0;17,0;2,0;0,0;7,0;12,0;0,0;13,0;5,0;0,0;0,0;1,0;3,0;0,0;0,0;0,0;0,0;0,0;0,0;60,0
286;2010-09-11;0,0;0,0;0,0;0,0;1,0;0,0;0,0;0,0;1,0;1,0;0,0;0,0;0,0;2,0;0,0;0,0;0,0;0,0;0,0;0,0;5,0
287;2010-09-18;0,0;1,0;3,0;2,0;0,0;1,0;21,0;0,0;4,0;5,0;1,0;1,0;1,0;0,0;0,0;0,0;0,0;0,0;0,0;0,0;40,0
288;2010-09-25;0,0;0,0;2,0;0,0;0,0;2,0;10,0;0,0;4,0;0,0;0,0;0,0;0,0;0,0;0,0;0,0;0,0;0,0;0,0;0,0;18,0
289;2010-10-02;0,0;4,0;6,0;0,0;0,0;0,0;0,0;0,0;1,0;0,0;0,0;1,0;0,0;0,0;0,0;0,0;0,0;0,0;0,0;0,0;12,0
290;2010-10-09;0,0;9,0;8,0;2,0;0,0;3,0;6,0;1,0;4,0;3,0;0,0;0,0;0,0;0,0;0,0;0,0;0,0;0,0;0,0;0,0;36,0
291;2010-10-16;0,0;17,0;8,0;2,0;1,0;6,0;0,0;3,0;12,0;5,0;3,0;0,0;0,0;0,0;0,0;0,0;0,0;0,0;0,0;0,0;57,0
292;2010-10-23;2,0;5,0;6,0;2,0;2,0;5,0;4,0;5,0;4,0;1,0;1,0;0,0;0,0;0,0;0,0;0,0;0,0;0,0;0,0;0,0;37,0
293;2010-10-30;0,0;0,0;0,0;0,0;1,0;0,0;1,0;0,0;5,0;3,0;0,0;0,0;0,0;0,0;0,0;0,0;0,0;0,0;0,0;0,0;10,0
294;2010-11-06;11,0;3,0;8,0;1,0;1,0;5,0;7,0;1,0;5,0;3,0;0,0;3,0;0,0;0,0;0,0;0,0;0,0;0,0;0,0;0,0;48,0
295;2010-11-13;0,0;1,0;3,0;1,0;0,0;4,0;2,0;0,0;3,0;1,0;0,0;2,0;0,0;0,0;0,0;0,0;0,0;0,0;0,0;0,0;17,0
296;2010-11-20;0,0;0,0;2,0;2,0;0,0;2,0;7,0;0,0;4,0;3,0;1,0;0,0;0,0;0,0;0,0;0,0;0,0;0,0;0,0;0,0;21,0
297;2010-11-27;0,0;0,0;5,0;3,0;0,0;4,0;0,0;0,0;2,0;0,0;0,0;0,0;0,0;1,0;0,0;0,0;0,0;0,0;0,0;0,0;15,0
298;2010-12-04;0,0;0,0;0,0;0,0;0,0;0,0;13,0;1,0;14,0;3,0;0,0;0,0;0,0;1,0;0,0;0,0;0,0;0,0;0,0;0,0;32,0
299;2011-01-15;7,0;1,0;3,0;0,0;0,0;4,0;3,0;1,0;2,0;4,0;1,0;0,0;0,0;0,0;0,0;0,0;0,0;0,0;0,0;0,0;26,0
300;2011-01-22;9,0;0,0;10,0;1,0;1,0;5,0;1,0;0,0;2,0;1,0;0,0;0,0;0,0;0,0;0,0;0,0;0,0;0,0;0,0;0,0;30,0
301;2011-01-29;14,0;1,0;4,0;4,0;0,0;2,0;27,0;0,0;8,0;3,0;1,0;0,0;0,0;0,0;0,0;0,0;0,0;0,0;0,0;0,0;64,0
302;2011-02-07;0,0;0,0;2,0;0,0;1,0;3,0;10,0;1,0;5,0;4,0;0,0;0,0;0,0;0,0;0,0;0,0;0,0;0,0;0,0;0,0;26,0
303;2011-02-12;6,0;0,0;2,0;2,0;0,0;2,0;3,0;0,0;0,0;0,0;0,0;1,0;0,0;0,0;0,0;0,0;0,0;0,0;0,0;0,0;16,0
304;2011-02-19;26,0;0,0;0,0;0,0;0,0;0,0;31,0;0,0;5,0;3,0;0,0;0,0;0,0;0,0;0,0;0,0;0,0;0,0;0,0;0,0;65,0
305;2011-02-26;0,0;0,0;0,0;0,0;0,0;0,0;0,0;0,0;0,0;0,0;0,0;0,0;0,0;0,0;0,0;0,0;0,0;0,0;0,0;0,0;0,0
306;2011-03-05;3,0;6,0;0,0;0,0;0,0;0,0;5,0;0,0;3,0;0,0;0,0;0,0;1,0;2,0;0,0;0,0;0,0;0,0;0,0;0,0;20,0
307;2011-03-12;0,0;2,0;0,0;1,0;0,0;0,0;0,0;0,0;1,0;0,0;0,0;0,0;1,0;0,0;0,0;0,0;0,0;0,0;0,0;0,0;5,0
308;2011-03-19;6,0;3,0;4,0;3,0;0,0;4,0;38,0;0,0;3,0;3,0;0,0;0,0;0,0;0,0;0,0;0,0;0,0;0,0;0,0;0,0;64,0
309;2011-03-26;5,0;4,0;6,0;2,0;0,0;6,0;12,0;0,0;8,0;2,0;0,0;0,0;1,0;0,0;0,0;0,0;0,0;0,0;0,0;0,0;46,0
310;2011-04-02;0,0;0,0;0,0;0,0;0,0;0,0;0,0;0,0;0,0;3,0;0,0;0,0;0,0;0,0;0,0;0,0;0,0;0,0;0,0;0,0;3,0
311;2011-04-09;7,0;1,0;13,0;1,0;1,0;6,0;18,0;0,0;13,0;4,0;1,0;0,0;0,0;0,0;0,0;0,0;0,0;0,0;0,0;0,0;65,0
312;2011-04-16;11,0;2,0;6,0;2,0;1,0;3,0;26,0;0,0;3,0;1,0;0,0;0,0;2,0;2,0;0,0;0,0;0,0;0,0;0,0;0,0;59,0
313;2011-04-23;0,0;0,0;6,0;6,0;0,0;8,0;7,0;0,0;1,0;1,0;1,0;1,0;0,0;0,0;0,0;0,0;0,0;0,0;0,0;0,0;31,0
314;2011-04-30;1,0;0,0;15,0;3,0;0,0;7,0;9,0;0,0;5,0;2,0;0,0;0,0;0,0;0,0;0,0;0,0;0,0;0,0;0,0;0,0;42,0
315;2011-05-07;1,0;27,0;3,0;0,0;0,0;3,0;1,0;0,0;1,0;0,0;0,0;0,0;0,0;0,0;0,0;0,0;0,0;0,0;0,0;0,0;36,0
316;2011-05-14;23,0;0,0;15,0;3,0;0,0;1,0;29,0;0,0;1,0;0,0;0,0;0,0;0,0;1,0;1,0;0,0;1,0;1,0;0,0;0,0;76,0
317;2011-05-21;22,0;1,0;7,0;1,0;0,0;1,0;10,0;0,0;3,0;1,0;0,0;0,0;0,0;0,0;0,0;0,0;0,0;0,0;0,0;0,0;46,0
318;2011-05-28;42,0;0,0;7,0;9,0;0,0;2,0;16,0;0,0;3,0;2,0;0,0;0,0;0,0;2,0;0,0;0,0;0,0;0,0;0,0;0,0;83,0
319;2011-06-04;5,0;0,0;15,0;11,0;0,0;6,0;6,0;0,0;6,0;4,0;0,0;0,0;0,0;1,0;0,0;0,0;0,0;1,0;1,0;1,0;57,0
320;2011-06-11;7,0;3,0;34,0;11,0;0,0;11,0;24,0;0,0;4,0;0,0;0,0;1,0;0,0;1,0;0,0;0,0;0,0;0,0;0,0;0,0;96,0
321;2011-06-18;33,0;0,0;9,0;2,0;0,0;12,0;2,0;1,0;10,0;1,0;0,0;0,0;0,0;0,0;0,0;0,0;0,0;0,0;0,0;0,0;70,0
322;2011-06-25;32,0;5,0;13,0;9,0;0,0;21,0;6,0;4,0;3,0;0,0;1,0;0,0;0,0;2,0;1,0;0,0;0,0;0,0;0,0;0,0;97,0
323;2011-09-17;6,0;1,0;1,0;0,0;0,0;2,0;0,0;0,0;0,0;0,0;0,0;0,0;0,0;4,0;0,0;0,0;0,0;0,0;0,0;0,0;14,0
324;2011-09-24;10,0;4,0;4,0;1,0;1,0;7,0;4,0;0,0;3,0;0,0;0,0;2,0;0,0;0,0;0,0;0,0;0,0;0,0;0,0;0,0;36,0
325;2011-10-01;0,0;8,0;2,0;1,0;0,0;1,0;0,0;0,0;5,0;0,0;0,0;0,0;0,0;0,0;0,0;0,0;0,0;0,0;0,0;0,0;17,0
326;2011-10-08;0,0;5,0;0,0;0,0;0,0;1,0;13,0;1,0;5,0;2,0;2,0;0,0;1,0;0,0;0,0;0,0;0,0;0,0;0,0;0,0;30,0
327;2011-10-15;11,0;12,0;24,0;0,0;6,0;10,0;26,0;1,0;8,0;5,0;0,0;0,0;0,0;0,0;0,0;0,0;0,0;0,0;0,0;0,0;103,0
328;2011-10-22;8,0;2,0;8,0;3,0;0,0;5,0;20,0;3,0;4,0;4,0;1,0;0,0;0,0;0,0;0,0;0,0;0,0;0,0;0,0;0,0;58,0
329;2011-10-29;13,0;3,0;4,0;2,0;3,0;4,0;14,0;1,0;5,0;4,0;2,0;0,0;0,0;0,0;0,0;0,0;0,0;0,0;0,0;0,0;55,0
330;2011-11-05;10,0;4,0;9,0;9,0;1,0;9,0;12,0;1,0;6,0;1,0;0,0;0,0;0,0;0,0;0,0;0,0;0,0;0,0;0,0;0,0;62,0
331;2011-11-12;0,0;4,0;8,0;2,0;6,0;6,0;12,0;3,0;26,0;2,0;0,0;0,0;0,0;1,0;1,0;0,0;0,0;0,0;0,0;0,0;71,0
332;2011-11-19;20,0;0,0;5,0;0,0;0,0;3,0;19,0;0,0;6,0;1,0;1,0;0,0;0,0;0,0;0,0;0,0;0,0;0,0;0,0;0,0;55,0
333;2011-11-26;35,0;3,0;1,0;1,0;5,0;1,0;5,0;4,0;5,0;10,0;0,0;0,0;0,0;0,0;0,0;0,0;0,0;0,0;0,0;0,0;70,0
334;2011-12-10;16,0;0,0;3,0;1,0;0,0;3,0;65,0;1,0;0,0;0,0;2,0;0,0;0,0;0,0;0,0;0,0;0,0;0,0;0,0;0,0;91,0
335;2011-12-17;17,0;2,0;3,0;2,0;3,0;0,0;7,0;0,0;0,0;0,0;0,0;1,0;0,0;0,0;0,0;0,0;0,0;0,0;0,0;0,0;35,0
336;2011-12-24;16,0;0,0;1,0;1,0;3,0;1,0;13,0;0,0;0,0;0,0;0,0;0,0;0,0;0,0;0,0;0,0;0,0;0,0;0,0;0,0;35,0
337;2011-12-31;6,0;0,0;0,0;0,0;0,0;0,0;7,0;0,0;4,0;2,0;0,0;0,0;0,0;0,0;0,0;0,0;0,0;0,0;0,0;0,0;19,0
338;2012-01-07;0,0;1,0;15,0;2,0;2,0;3,0;0,0;2,0;5,0;2,0;0,0;0,0;0,0;0,0;0,0;0,0;0,0;0,0;0,0;0,0;32,0
339;2012-01-14;0,0;0,0;0,0;0,0;0,0;0,0;0,0;0,0;8,0;2,0;0,0;0,0;0,0;0,0;0,0;0,0;0,0;0,0;0,0;0,0;10,0
340;2012-01-28;0,0;1,0;4,0;1,0;0,0;3,0;0,0;0,0;2,0;2,0;1,0;0,0;0,0;0,0;0,0;0,0;0,0;0,0;0,0;0,0;14,0
341;2012-02-11;27,0;9,0;5,0;3,0;11,0;3,0;45,0;0,0;1,0;1,0;0,0;0,0;0,0;2,0;0,0;0,0;0,0;0,0;0,0;0,0;107,0
342;2012-02-18;0,0;4,0;3,0;1,0;1,0;3,0;30,0;1,0;4,0;3,0;3,0;0,0;1,0;0,0;0,0;0,0;0,0;0,0;0,0;0,0;54,0
343;2012-02-25;5,0;0,0;1,0;1,0;0,0;1,0;33,0;0,0;0,0;0,0;4,0;0,0;0,0;0,0;0,0;0,0;0,0;0,0;0,0;0,0;45,0
344;2012-03-03;0,0;0,0;5,0;6,0;0,0;4,0;5,0;0,0;4,0;2,0;1,0;0,0;0,0;0,0;0,0;0,0;0,0;0,0;0,0;0,0;27,0
345;2012-03-10;9,0;1,0;3,0;0,0;0,0;3,0;28,0;0,0;3,0;2,0;1,0;0,0;1,0;1,0;1,0;0,0;0,0;0,0;0,0;0,0;53,0
346;2012-03-17;16,0;7,0;14,0;10,0;1,0;10,0;19,0;0,0;0,0;0,0;0,0;0,0;1,0;1,0;0,0;0,0;0,0;0,0;0,0;0,0;79,0
347;2012-03-24;14,0;4,0;0,0;0,0;0,0;0,0;32,0;1,0;8,0;2,0;0,0;0,0;0,0;0,0;0,0;0,0;0,0;0,0;0,0;0,0;61,0
348;2012-03-31;3,0;1,0;3,0;2,0;0,0;3,0;21,0;0,0;1,0;1,0;0,0;0,0;1,0;0,0;0,0;0,0;0,0;0,0;0,0;0,0;36,0
349;2012-04-07;61,0;1,0;4,0;4,0;0,0;2,0;21,0;0,0;2,0;3,0;0,0;0,0;1,0;2,0;0,0;0,0;0,0;0,0;0,0;0,0;101,0
350;2012-04-14;20,0;0,0;2,0;1,0;0,0;0,0;13,0;0,0;6,0;3,0;0,0;0,0;1,0;3,0;0,0;0,0;0,0;0,0;0,0;0,0;49,0
351;2012-04-21;0,0;0,0;9,0;2,0;5,0;5,0;13,0;0,0;8,0;2,0;1,0;0,0;0,0;0,0;0,0;0,0;0,0;0,0;0,0;0,0;45,0
352;2012-04-28;0,0;0,0;0,0;0,0;0,0;0,0;24,0;0,0;5,0;1,0;0,0;0,0;0,0;0,0;0,0;0,0;0,0;0,0;0,0;0,0;30,0
353;2012-05-05;46,0;0,0;10,0;3,0;0,0;9,0;20,0;0,0;1,0;0,0;0,0;0,0;0,0;0,0;0,0;0,0;0,0;0,0;0,0;0,0;89,0
354;2012-05-12;41,0;0,0;1,0;0,0;0,0;0,0;23,0;0,0;1,0;0,0;0,0;0,0;0,0;2,0;0,0;0,0;0,0;0,0;0,0;0,0;68,0
355;2012-05-19;0,0;0,0;2,0;3,0;0,0;4,0;0,0;0,0;0,0;0,0;0,0;0,0;0,0;0,0;0,0;0,0;0,0;0,0;0,0;0,0;9,0
356;2012-05-26;7,0;0,0;13,0;4,0;0,0;2,0;3,0;0,0;2,0;0,0;0,0;0,0;1,0;1,0;0,0;0,0;0,0;0,0;0,0;0,0;33,0
357;2012-06-02;15,0;6,0;21,0;11,0;0,0;9,0;20,0;0,0;7,0;0,0;0,0;1,0;1,0;2,0;0,0;0,0;0,0;0,0;0,0;0,0;93,0
358;2012-06-09;52,0;0,0;2,0;4,0;0,0;14,0;20,0;0,0;0,0;0,0;0,0;0,0;0,0;1,0;0,0;0,0;0,0;0,0;0,0;0,0;93,0
359;2012-06-16;7,0;0,0;16,0;19,0;0,0;11,0;12,0;0,0;8,0;0,0;1,0;0,0;0,0;1,0;0,0;0,0;0,0;0,0;0,0;0,0;75,0
360;2012-06-23;5,0;1,0;4,0;3,0;0,0;2,0;0,0;0,0;7,0;4,0;0,0;0,0;0,0;2,0;0,0;0,0;0,0;0,0;0,0;0,0;28,0
361;2012-06-30;32,0;0,0;5,0;3,0;1,0;6,0;6,0;0,0;18,0;3,0;1,0;0,0;1,0;1,0;0,0;0,0;0,0;1,0;0,0;0,0;78,0
362;2012-07-07;0,0;0,0;18,0;18,0;0,0;20,0;0,0;0,0;19,0;2,0;2,0;0,0;0,0;2,0;0,0;1,0;0,0;0,0;0,0;0,0;82,0
363;2012-07-14;19,0;8,0;22,0;6,0;0,0;15,0;0,0;0,0;13,0;3,0;0,0;0,0;1,0;0,0;0,0;0,0;0,0;0,0;0,0;0,0;87,0
364;2012-07-21;16,0;10,0;5,0;2,0;1,0;10,0;0,0;0,0;17,0;7,0;0,0;1,0;1,0;2,0;0,0;0,0;0,0;0,0;0,0;0,0;72,0
365;2012-07-28;11,0;0,0;12,0;9,0;0,0;10,0;10,0;3,0;4,0;6,0;1,0;0,0;0,0;0,0;0,0;0,0;0,0;0,0;0,0;0,0;66,0
366;2012-08-04;30,0;2,0;6,0;6,0;0,0;9,0;40,0;0,0;0,0;0,0;0,0;0,0;0,0;2,0;0,0;0,0;0,0;0,0;0,0;0,0;95,0
367;2012-08-11;0,0;4,0;13,0;3,0;0,0;7,0;25,0;0,0;17,0;14,0;0,0;0,0;2,0;0,0;0,0;0,0;1,0;0,0;0,0;0,0;86,0
368;2012-08-18;0,0;6,0;7,0;7,0;0,0;6,0;0,0;0,0;3,0;0,0;0,0;0,0;0,0;0,0;0,0;0,0;0,0;0,0;0,0;0,0;29,0
369;2012-08-25;6,0;0,0;9,0;4,0;0,0;6,0;13,0;0,0;9,0;3,0;3,0;0,0;0,0;0,0;0,0;0,0;0,0;0,0;0,0;0,0;53,0
370;2012-09-01;10,0;3,0;16,0;4,0;0,0;12,0;5,0;0,0;5,0;1,0;2,0;0,0;0,0;0,0;0,0;0,0;0,0;0,0;0,0;0,0;58,0
371;2012-09-08;11,0;1,0;5,0;1,0;3,0;6,0;15,0;0,0;9,0;9,0;0,0;0,0;0,0;0,0;0,0;0,0;0,0;0,0;0,0;0,0;60,0
372;2012-09-15;0,0;3,0;13,0;4,0;2,0;9,0;27,0;1,0;15,0;3,0;3,0;0,0;0,0;1,0;0,0;0,0;1,0;0,0;0,0;0,0;82,0
373;2012-09-22;23,0;3,0;21,0;13,0;1,0;14,0;45,0;3,0;2,0;3,0;0,0;1,0;0,0;0,0;0,0;0,0;0,0;0,0;0,0;0,0;129,0
374;2012-10-20;34,0;8,0;12,0;2,0;0,0;5,0;19,0;2,0;1,0;1,0;2,0;0,0;0,0;0,0;0,0;0,0;0,0;0,0;0,0;0,0;86,0
375;2012-10-27;41,0;3,0;5,0;3,0;3,0;5,0;7,0;3,0;6,0;6,0;0,0;0,0;0,0;0,0;0,0;0,0;0,0;0,0;0,0;0,0;82,0
376;2012-11-10;20,0;1,0;11,0;2,0;1,0;4,0;0,0;2,0;9,0;6,0;1,0;0,0;0,0;0,0;0,0;0,0;0,0;0,0;0,0;0,0;57,0
377;2012-11-17;0,0;4,0;19,0;4,0;0,0;5,0;16,0;1,0;20,0;6,0;3,0;0,0;0,0;1,0;0,0;0,0;0,0;0,0;0,0;0,0;79,0
378;2012-11-24;0,0;2,0;12,0;3,0;0,0;2,0;30,0;1,0;4,0;3,0;1,0;0,0;0,0;0,0;0,0;0,0;0,0;0,0;0,0;0,0;58,0
379;2012-12-01;0,0;0,0;7,0;3,0;0,0;3,0;0,0;2,0;10,0;7,0;0,0;0,0;0,0;0,0;0,0;0,0;0,0;0,0;0,0;0,0;32,0
380;2012-12-15;0,0;0,0;4,0;2,0;0,0;4,0;0,0;0,0;2,0;0,0;1,0;0,0;0,0;1,0;0,0;0,0;0,0;0,0;0,0;0,0;14,0
381;2012-12-22;2,0;10,0;17,0;1,0;3,0;7,0;6,0;1,0;7,0;5,0;0,0;0,0;0,0;0,0;0,0;0,0;0,0;0,0;0,0;0,0;59,0
382;2012-12-29;2,0;0,0;0,0;0,0;0,0;0,0;1,0;0,0;6,0;2,0;0,0;0,0;0,0;0,0;0,0;0,0;0,0;0,0;0,0;0,0;11,0
383;2013-01-05;11,0;0,0;5,0;3,0;1,0;5,0;14,0;0,0;11,0;2,0;1,0;0,0;0,0;0,0;0,0;0,0;0,0;0,0;0,0;0,0;53,0
384;2013-01-12;4,0;0,0;4,0;1,0;0,0;2,0;0,0;0,0;3,0;1,0;0,0;0,0;0,0;1,0;0,0;0,0;0,0;0,0;0,0;0,0;16,0
385;2013-01-19;15,0;4,0;2,0;0,0;0,0;2,0;3,0;0,0;8,0;3,0;0,0;0,0;0,0;0,0;0,0;0,0;0,0;0,0;0,0;0,0;37,0
386;2013-01-26;6,0;0,0;4,0;3,0;0,0;3,0;0,0;0,0;13,0;2,0;0,0;0,0;0,0;1,0;0,0;0,0;0,0;0,0;0,0;0,0;32,0
387;2013-02-02;9,0;1,0;5,0;2,0;1,0;7,0;0,0;0,0;10,0;0,0;0,0;0,0;0,0;0,0;0,0;0,0;0,0;0,0;0,0;0,0;35,0
388;2013-02-09;20,0;1,0;3,0;0,0;0,0;2,0;27,0;0,0;4,0;4,0;1,0;0,0;0,0;0,0;0,0;0,0;0,0;0,0;0,0;0,0;62,0
389;2013-02-23;11,0;0,0;5,0;2,0;1,0;3,0;20,0;0,0;4,0;1,0;0,0;0,0;0,0;0,0;0,0;0,0;0,0;0,0;0,0;0,0;47,0
390;2013-03-02;8,0;3,0;12,0;5,0;0,0;7,0;0,0;0,0;19,0;5,0;1,0;0,0;0,0;0,0;0,0;0,0;0,0;0,0;0,0;0,0;60,0
391;2013-03-09;46,0;0,0;4,0;7,0;2,0;12,0;0,0;0,0;7,0;1,0;1,0;0,0;0,0;2,0;0,0;0,0;0,0;0,0;0,0;0,0;82,0
392;2013-03-30;5,0;1,0;15,0;15,0;0,0;13,0;12,0;0,0;9,0;6,0;8,0;0,0;1,0;1,0;0,0;0,0;0,0;0,0;0,0;0,0;86,0
393;2013-04-06;8,0;2,0;6,0;4,0;1,0;4,0;52,0;0,0;6,0;3,0;1,0;0,0;0,0;2,0;0,0;0,0;0,0;0,0;0,0;0,0;89,0
394;2013-04-13;0,0;0,0;0,0;0,0;0,0;0,0;42,0;0,0;11,0;9,0;0,0;0,0;1,0;0,0;0,0;0,0;0,0;0,0;0,0;0,0;63,0
395;2013-04-20;12,0;1,0;6,0;1,0;0,0;5,0;13,0;0,0;18,0;2,0;0,0;0,0;0,0;0,0;0,0;0,0;0,0;0,0;0,0;0,0;58,0
396;2013-04-27;0,0;0,0;3,0;1,0;0,0;4,0;26,0;0,0;7,0;6,0;0,0;0,0;0,0;0,0;0,0;0,0;0,0;0,0;0,0;0,0;47,0
397;2013-05-04;1,0;0,0;2,0;1,0;0,0;1,0;14,0;0,0;17,0;4,0;0,0;0,0;3,0;3,0;0,0;0,0;0,0;0,0;0,0;0,0;46,0
398;2013-05-11;6,0;0,0;16,0;5,0;0,0;7,0;0,0;0,0;39,0;9,0;1,0;0,0;0,0;0,0;0,0;0,0;0,0;0,0;0,0;0,0;83,0
399;2013-05-18;0,0;0,0;12,0;7,0;0,0;8,0;11,0;0,0;8,0;7,0;1,0;0,0;0,0;1,0;0,0;0,0;0,0;0,0;0,0;0,0;55,0
400;2013-05-25;41,0;0,0;15,0;10,0;0,0;12,0;26,0;0,0;9,0;4,0;0,0;0,0;3,0;1,0;0,0;0,0;0,0;0,0;0,0;0,0;121,0
401;2013-06-01;0,0;0,0;21,0;14,0;0,0;11,0;12,0;0,0;8,0;3,0;0,0;0,0;1,0;1,0;0,0;0,0;0,0;0,0;0,0;0,0;71,0
402;2013-06-08;14,0;1,0;25,0;7,0;0,0;5,0;5,0;0,0;16,0;0,0;0,0;0,0;1,0;2,0;0,0;0,0;0,0;0,0;0,0;0,0;76,0
403;2013-06-15;7,0;1,0;23,0;35,0;2,0;12,0;0,0;0,0;13,0;0,0;2,0;0,0;0,0;0,0;0,0;0,0;0,0;0,0;0,0;0,0;95,0
404;2013-06-22;6,0;2,0;6,0;2,0;0,0;1,0;0,0;0,0;15,0;5,0;0,0;0,0;1,0;2,0;0,0;0,0;0,0;0,0;0,0;0,0;40,0
405;2013-06-29;4,0;0,0;11,0;8,0;0,0;5,0;4,0;0,0;27,0;5,0;1,0;0,0;1,0;0,0;0,0;0,0;0,0;0,0;0,0;0,0;66,0
406;2013-07-06;38,0;11,0;28,0;16,0;0,0;25,0;6,0;1,0;12,0;2,0;2,0;0,0;1,0;3,0;0,0;0,0;0,0;0,0;0,0;0,0;145,0
407;2013-07-13;65,0;2,0;14,0;9,0;0,0;18,0;3,0;0,0;33,0;12,0;0,0;0,0;0,0;2,0;0,0;0,0;0,0;0,0;4,0;0,0;162,0
408;2013-07-20;29,0;1,0;8,0;0,0;0,0;4,0;0,0;1,0;11,0;0,0;1,0;0,0;0,0;0,0;0,0;0,0;1,0;0,0;0,0;0,0;56,0
409;2013-07-27;6,0;0,0;0,0;1,0;0,0;0,0;0,0;0,0;16,0;3,0;0,0;0,0;0,0;0,0;0,0;0,0;0,0;0,0;0,0;0,0;26,0
410;2013-08-03;0,0;0,0;7,0;2,0;1,0;5,0;6,0;0,0;11,0;3,0;2,0;0,0;0,0;2,0;1,0;0,0;0,0;0,0;5,0;0,0;45,0
411;2013-08-10;15,0;16,0;12,0;9,0;1,0;10,0;0,0;0,0;9,0;3,0;2,0;0,0;0,0;1,0;0,0;0,0;0,0;0,0;0,0;0,0;78,0
412;2013-08-17;16,0;3,0;17,0;12,0;1,0;13,0;6,0;0,0;36,0;15,0;2,0;0,0;0,0;0,0;0,0;0,0;0,0;0,0;0,0;0,0;121,0
413;2013-08-24;0,0;0,0;1,0;1,0;0,0;1,0;24,0;0,0;17,0;12,0;0,0;0,0;0,0;1,0;2,0;0,0;0,0;0,0;4,0;0,0;63,0
414;2013-08-31;1,0;0,0;4,0;6,0;1,0;7,0;15,0;1,0;8,0;3,0;0,0;0,0;0,0;0,0;0,0;0,0;0,0;0,0;0,0;0,0;46,0
415;2013-09-07;0,0;0,0;1,0;0,0;0,0;1,0;0,0;0,0;26,0;1,0;0,0;0,0;0,0;1,0;0,0;0,0;0,0;0,0;0,0;0,0;30,0
416;2013-10-19;34,0;7,0;3,0;2,0;13,0;1,0;28,0;3,0;3,0;1,0;0,0;0,0;0,0;0,0;0,0;0,0;0,0;0,0;0,0;0,0;95,0
417;2013-10-26;10,0;4,0;8,0;3,0;1,0;6,0;29,0;2,0;3,0;0,0;0,0;0,0;0,0;0,0;0,0;0,0;0,0;0,0;0,0;0,0;66,0
418;2013-11-02;17,0;3,0;6,0;1,0;0,0;2,0;0,0;2,0;23,0;13,0;0,0;0,0;0,0;0,0;0,0;0,0;0,0;0,0;0,0;0,0;67,0
419;2013-11-09;0,0;6,0;11,0;8,0;1,0;9,0;38,0;1,0;10,0;2,0;3,0;0,0;0,0;0,0;0,0;0,0;0,0;0,0;0,0;0,0;89,0
420;2013-11-16;1,0;0,0;3,0;1,0;0,0;2,0;0,0;1,0;26,0;7,0;2,0;0,0;0,0;0,0;0,0;0,0;0,0;0,0;0,0;0,0;43,0
421;2013-11-23;14,0;7,0;5,0;3,0;2,0;5,0;0,0;3,0;20,0;7,0;0,0;0,0;0,0;0,0;0,0;0,0;0,0;0,0;0,0;0,0;66,0
422;2013-11-30;0,0;0,0;3,0;1,0;0,0;3,0;7,0;0,0;0,0;0,0;0,0;0,0;0,0;0,0;0,0;0,0;0,0;0,0;0,0;0,0;14,0
423;2013-12-07;0,0;0,0;4,0;2,0;1,0;4,0;0,0;1,0;20,0;10,0;2,0;0,0;0,0;0,0;0,0;0,0;0,0;0,0;0,0;0,0;44,0
424;2013-12-14;0,0;0,0;1,0;0,0;1,0;0,0;3,0;0,0;8,0;6,0;0,0;0,0;0,0;0,0;0,0;0,0;0,0;0,0;0,0;0,0;19,0
425;2013-12-21;10,0;4,0;7,0;6,0;3,0;0,0;38,0;3,0;11,0;11,0;3,0;0,0;0,0;0,0;0,0;0,0;0,0;0,0;0,0;0,0;96,0
426;2013-12-28;38,0;4,0;7,0;3,0;0,0;4,0;0,0;2,0;12,0;4,0;0,0;0,0;0,0;0,0;0,0;0,0;0,0;0,0;0,0;0,0;74,0
427;2014-01-04;0,0;0,0;7,0;1,0;0,0;4,0;22,0;1,0;9,0;8,0;1,0;0,0;0,0;0,0;0,0;0,0;0,0;0,0;0,0;0,0;53,0
428;2014-01-11;0,0;0,0;2,0;3,0;0,0;1,0;68,0;1,0;8,0;2,0;0,0;0,0;0,0;0,0;0,0;0,0;0,0;0,0;0,0;0,0;85,0
429;2014-01-18;26,0;3,0;7,0;1,0;0,0;5,0;0,0;0,0;13,0;8,0;0,0;0,0;0,0;0,0;0,0;0,0;0,0;0,0;0,0;0,0;63,0
430;2014-01-25;6,0;1,0;1,0;1,0;0,0;0,0;42,0;0,0;9,0;4,0;0,0;0,0;0,0;0,0;0,0;0,0;0,0;0,0;0,0;0,0;64,0
431;2014-02-01;0,0;0,0;0,0;0,0;0,0;0,0;0,0;0,0;5,0;3,0;0,0;0,0;0,0;0,0;0,0;0,0;0,0;0,0;0,0;0,0;8,0
432;2014-02-08;0,0;0,0;0,0;0,0;0,0;0,0;27,0;0,0;1,0;1,0;0,0;0,0;0,0;0,0;0,0;0,0;0,0;0,0;0,0;0,0;29,0
433;2014-02-15;21,0;0,0;2,0;2,0;0,0;2,0;22,0;0,0;6,0;5,0;0,0;0,0;0,0;0,0;0,0;0,0;0,0;0,0;0,0;0,0;60,0
434;2014-02-22;0,0;0,0;0,0;0,0;0,0;0,0;0,0;2,0;8,0;4,0;0,0;0,0;0,0;0,0;0,0;0,0;0,0;0,0;0,0;0,0;14,0
435;2014-03-01;46,0;2,0;1,0;0,0;1,0;1,0;0,0;0,0;14,0;12,0;1,0;0,0;0,0;0,0;0,0;0,0;0,0;0,0;0,0;0,0;78,0
436;2014-03-08;53,0;4,0;5,0;2,0;0,0;2,0;27,0;1,0;7,0;10,0;0,0;0,0;0,0;0,0;0,0;0,0;0,0;0,0;0,0;0,0;111,0
437;2014-03-15;4,0;1,0;3,0;1,0;1,0;2,0;20,0;0,0;6,0;3,0;0,0;0,0;0,0;0,0;0,0;0,0;0,0;0,0;0,0;0,0;41,0
438;2014-03-22;0,0;0,0;3,0;3,0;0,0;2,0;8,0;0,0;10,0;8,0;0,0;0,0;0,0;0,0;0,0;0,0;0,0;0,0;0,0;0,0;34,0
439;2014-03-29;60,0;0,0;0,0;0,0;0,0;0,0;105,0;0,0;12,0;1,0;0,0;0,0;0,0;0,0;0,0;0,0;0,0;0,0;0,0;0,0;178,0
440;2014-04-05;1,0;0,0;4,0;1,0;0,0;2,0;7,0;0,0;30,0;10,0;0,0;0,0;0,0;0,0;0,0;0,0;0,0;0,0;0,0;0,0;55,0
441;2014-04-12;0,0;0,0;2,0;3,0;0,0;2,0;40,0;0,0;10,0;6,0;0,0;0,0;0,0;0,0;0,0;0,0;0,0;2,0;0,0;5,0;70,0
442;2014-04-19;10,0;1,0;8,0;9,0;2,0;7,0;16,0;0,0;9,0;7,0;0,0;0,0;0,0;0,0;0,0;0,0;0,0;0,0;0,0;0,0;69,0
443;2014-04-26;0,0;0,0;5,0;1,0;0,0;3,0;18,0;0,0;3,0;2,0;0,0;0,0;0,0;0,0;0,0;1,0;0,0;0,0;0,0;0,0;33,0
444;2014-05-03;28,0;0,0;6,0;6,0;0,0;6,0;28,0;0,0;9,0;2,0;0,0;0,0;0,0;0,0;0,0;0,0;0,0;0,0;0,0;0,0;85,0
445;2014-05-10;14,0;0,0;9,0;9,0;2,0;8,0;28,0;0,0;10,0;6,0;0,0;0,0;0,0;0,0;0,0;0,0;0,0;0,0;0,0;0,0;86,0
446;2014-05-17;40,0;2,0;8,0;6,0;0,0;6,0;40,0;2,0;2,0;2,0;0,0;0,0;0,0;0,0;0,0;0,0;0,0;0,0;0,0;0,0;108,0
447;2014-05-24;1,0;7,0;10,0;6,0;3,0;10,0;6,0;0,0;1,0;1,0;0,0;0,0;0,0;0,0;0,0;0,0;0,0;0,0;2,0;0,0;47,0
448;2014-05-31;0,0;0,0;42,0;15,0;2,0;3,0;42,0;0,0;12,0;0,0;4,0;0,0;0,0;0,0;0,0;0,0;0,0;0,0;0,0;0,0;120,0
449;2014-06-07;7,0;0,0;8,0;1,0;0,0;1,0;27,0;0,0;7,0;0,0;4,0;0,0;0,0;0,0;0,0;0,0;1,0;2,0;0,0;6,0;64,0
450;2014-06-14;43,0;2,0;8,0;4,0;0,0;3,0;2,0;1,0;22,0;2,0;0,0;0,0;0,0;1,0;0,0;0,0;0,0;0,0;0,0;0,0;88,0
451;2014-06-21;22,0;10,0;3,0;9,0;0,0;8,0;0,0;0,0;40,0;3,0;0,0;0,0;1,0;1,0;0,0;0,0;1,0;0,0;0,0;0,0;98,0
452;2014-06-28;0,0;0,0;1,0;1,0;0,0;0,0;6,0;4,0;15,0;0,0;0,0;0,0;0,0;1,0;0,0;2,0;0,0;0,0;0,0;0,0;30,0
453;2014-07-05;0,0;0,0;7,0;3,0;0,0;4,0;0,0;0,0;14,0;1,0;2,0;0,0;0,0;1,0;0,0;0,0;0,0;2,0;0,0;10,0;44,0
454;2014-07-12;4,0;0,0;9,0;2,0;0,0;3,0;0,0;0,0;10,0;1,0;2,0;0,0;0,0;0,0;0,0;0,0;0,0;0,0;0,0;0,0;31,0
455;2014-07-19;1,0;0,0;0,0;0,0;0,0;0,0;8,0;0,0;6,0;3,0;3,0;0,0;0,0;0,0;0,0;1,0;0,0;0,0;0,0;3,0;25,0
456;2014-07-26;0,0;0,0;3,0;2,0;0,0;3,0;14,0;0,0;8,0;3,0;2,0;0,0;0,0;0,0;0,0;0,0;0,0;0,0;0,0;0,0;35,0
457;2014-08-02;0,0;2,0;5,0;4,0;0,0;1,0;0,0;0,0;10,0;1,0;0,0;0,0;0,0;0,0;0,0;0,0;1,0;2,0;1,0;10,0;37,0
458;2014-08-09;16,0;0,0;4,0;0,0;0,0;11,0;0,0;0,0;13,0;6,0;0,0;2,0;0,0;0,0;0,0;0,0;0,0;0,0;0,0;0,0;52,0
459;2014-08-16;7,0;0,0;10,0;4,0;2,0;12,0;0,0;0,0;9,0;1,0;1,0;0,0;1,0;1,0;0,0;0,0;0,0;0,0;0,0;0,0;48,0
460;2014-08-23;4,0;2,0;3,0;2,0;2,0;6,0;4,0;0,0;13,0;2,0;1,0;0,0;0,0;0,0;0,0;0,0;0,0;0,0;0,0;0,0;39,0
461;2014-08-30;22,0;1,0;6,0;3,0;0,0;5,0;33,0;0,0;2,0;2,0;0,0;0,0;0,0;0,0;0,0;0,0;0,0;0,0;0,0;0,0;74,0
462;2014-09-06;0,0;0,0;1,0;1,0;0,0;0,0;12,0;0,0;12,0;4,0;0,0;0,0;0,0;0,0;0,0;0,0;0,0;0,0;0,0;0,0;30,0
463;2014-09-13;4,0;6,0;9,0;2,0;0,0;7,0;15,0;0,0;9,0;3,0;1,0;0,0;0,0;0,0;0,0;0,0;0,0;0,0;0,0;0,0;56,0
464;2014-10-25;0,0;0,0;4,0;1,0;0,0;2,0;5,0;1,0;19,0;9,0;1,0;0,0;0,0;0,0;0,0;0,0;0,0;0,0;0,0;0,0;42,0
465;2014-11-01;16,0;1,0;3,0;0,0;1,0;0,0;30,0;1,0;3,0;5,0;1,0;0,0;0,0;0,0;0,0;0,0;0,0;0,0;0,0;0,0;61,0
466;2014-11-08;0,0;2,0;4,0;2,0;0,0;3,0;24,0;2,0;7,0;2,0;0,0;0,0;0,0;0,0;0,0;0,0;0,0;0,0;0,0;0,0;46,0
467;2014-11-15;5,0;2,0;11,0;4,0;0,0;7,0;15,0;3,0;10,0;2,0;0,0;0,0;0,0;0,0;0,0;0,0;0,0;0,0;0,0;0,0;59,0
468;2014-11-22;0,0;1,0;3,0;2,0;0,0;2,0;33,0;1,0;15,0;7,0;1,0;0,0;0,0;0,0;0,0;0,0;0,0;0,0;0,0;0,0;65,0
469;2014-11-29;0,0;0,0;1,0;0,0;0,0;1,0;25,0;0,0;22,0;9,0;0,0;0,0;0,0;0,0;0,0;0,0;0,0;0,0;0,0;0,0;58,0
470;2014-12-06;0,0;0,0;1,0;1,0;0,0;1,0;17,0;0,0;18,0;15,0;0,0;0,0;0,0;0,0;0,0;0,0;0,0;0,0;0,0;0,0;53,0
471;2014-12-13;5,0;2,0;7,0;1,0;2,0;5,0;0,0;0,0;28,0;9,0;1,0;0,0;1,0;1,0;0,0;0,0;0,0;0,0;0,0;0,0;62,0
472;2014-12-20;0,0;0,0;1,0;1,0;0,0;1,0;12,0;0,0;9,0;4,0;0,0;0,0;0,0;0,0;0,0;0,0;0,0;0,0;0,0;0,0;28,0
473;2015-01-03;6,0;1,0;2,0;1,0;1,0;3,0;0,0;0,0;20,0;5,0;2,0;0,0;0,0;0,0;0,0;0,0;0,0;0,0;0,0;0,0;41,0
474;2015-01-10;0,0;0,0;0,0;0,0;0,0;0,0;25,0;0,0;19,0;1,0;0,0;0,0;0,0;0,0;0,0;0,0;0,0;0,0;0,0;0,0;45,0
475;2015-01-17;0,0;1,0;3,0;3,0;0,0;2,0;28,0;0,0;14,0;8,0;0,0;0,0;0,0;0,0;0,0;0,0;0,0;0,0;0,0;0,0;59,0
476;2015-02-07;27,0;1,0;3,0;3,0;1,0;4,0;58,0;0,0;11,0;5,0;2,0;0,0;0,0;0,0;0,0;0,0;0,0;0,0;0,0;0,0;115,0
477;2015-02-14;20,0;0,0;5,0;5,0;0,0;4,0;13,0;0,0;6,0;1,0;0,0;0,0;0,0;0,0;0,0;15,0;0,0;0,0;0,0;0,0;69,0
478;2015-02-21;0,0;2,0;4,0;2,0;0,0;4,0;53,0;0,0;18,0;9,0;3,0;0,0;0,0;0,0;0,0;0,0;0,0;0,0;0,0;0,0;95,0
479;2015-02-28;0,0;0,0;5,0;3,0;0,0;2,0;12,0;0,0;21,0;15,0;2,0;0,0;0,0;0,0;0,0;0,0;0,0;0,0;0,0;0,0;60,0
480;2015-03-07;0,0;0,0;15,0;0,0;1,0;4,0;0,0;0,0;48,0;8,0;0,0;0,0;0,0;0,0;0,0;0,0;0,0;0,0;0,0;0,0;76,0
481;2015-03-14;0,0;0,0;4,0;3,0;0,0;5,0;0,0;0,0;20,0;15,0;0,0;0,0;0,0;2,0;0,0;0,0;0,0;0,0;0,0;0,0;49,0
482;2015-03-21;0,0;0,0;5,0;4,0;0,0;5,0;54,0;0,0;7,0;5,0;0,0;0,0;1,0;0,0;0,0;0,0;0,0;0,0;0,0;0,0;81,0
483;2015-03-28;0,0;0,0;3,0;1,0;0,0;2,0;18,0;0,0;42,0;21,0;0,0;0,0;0,0;0,0;0,0;0,0;0,0;0,0;0,0;0,0;87,0
484;2015-04-04;3,0;0,0;5,0;2,0;1,0;4,0;49,0;0,0;7,0;8,0;0,0;0,0;0,0;0,0;0,0;0,0;0,0;0,0;0,0;0,0;79,0
485;2015-04-12;8,0;0,0;2,0;1,0;0,0;1,0;17,0;1,0;15,0;6,0;0,0;0,0;0,0;0,0;0,0;0,0;0,0;0,0;0,0;0,0;51,0
486;2015-04-18;0,0;5,0;8,0;2,0;3,0;5,0;12,0;0,0;16,0;6,0;0,0;0,0;0,0;0,0;0,0;0,0;0,0;0,0;0,0;0,0;57,0
487;2015-04-25;0,0;0,0;1,0;2,0;2,0;3,0;22,0;0,0;1,0;2,0;0,0;0,0;1,0;0,0;0,0;0,0;0,0;0,0;0,0;0,0;34,0
488;2015-05-02;0,0;0,0;4,0;3,0;0,0;2,0;21,0;3,0;12,0;5,0;1,0;0,0;0,0;0,0;0,0;0,0;0,0;0,0;0,0;0,0;51,0
489;2015-05-09;0,0;0,0;5,0;7,0;0,0;6,0;0,0;0,0;16,0;11,0;0,0;0,0;0,0;0,0;0,0;0,0;0,0;0,0;0,0;0,0;45,0
490;2015-05-16;2,0;0,0;11,0;1,0;0,0;9,0;15,0;0,0;6,0;6,0;0,0;0,0;0,0;0,0;0,0;0,0;0,0;1,0;4,0;0,0;55,0
491;2015-05-23;22,0;0,0;14,0;12,0;0,0;2,0;21,0;0,0;1,0;0,0;0,0;0,0;0,0;0,0;0,0;0,0;0,0;0,0;0,0;0,0;72,0
492;2015-05-30;0,0;15,0;6,0;6,0;0,0;2,0;98,0;0,0;13,0;0,0;0,0;0,0;0,0;0,0;0,0;0,0;0,0;0,0;8,0;0,0;148,0
493;2015-06-06;0,0;0,0;39,0;7,0;0,0;12,0;0,0;0,0;24,0;0,0;0,0;0,0;0,0;0,0;0,0;0,0;0,0;0,0;1,0;0,0;83,0
494;2015-06-13;2,0;0,0;18,0;3,0;0,0;5,0;11,0;1,0;15,0;1,0;0,0;1,0;0,0;0,0;0,0;0,0;0,0;4,0;3,0;4,0;68,0
495;2015-06-20;1,0;3,0;4,0;2,0;0,0;1,0;0,0;0,0;14,0;2,0;0,0;0,0;1,0;0,0;0,0;0,0;0,0;0,0;2,0;0,0;30,0
496;2015-06-27;0,0;0,0;5,0;1,0;0,0;4,0;34,0;0,0;7,0;4,0;0,0;0,0;0,0;0,0;0,0;0,0;0,0;1,0;0,0;6,0;62,0
497;2015-07-04;35,0;2,0;11,0;11,0;0,0;22,0;23,0;0,0;9,0;1,0;3,0;0,0;0,0;1,0;0,0;0,0;0,0;0,0;0,0;0,0;118,0
498;2015-07-11;15,0;0,0;3,0;1,0;1,0;6,0;10,0;0,0;8,0;3,0;0,0;0,0;0,0;0,0;0,0;0,0;0,0;0,0;0,0;0,0;47,0
499;2015-07-18;18,0;2,0;4,0;4,0;2,0;5,0;21,0;0,0;15,0;7,0;2,0;0,0;0,0;0,0;0,0;0,0;0,0;3,0;2,0;3,0;88,0
500;2015-07-25;3,0;1,0;24,0;6,0;0,0;15,0;8,0;0,0;12,0;5,0;0,0;0,0;0,0;0,0;0,0;0,0;0,0;0,0;0,0;0,0;74,0
501;2015-08-01;32,0;3,0;9,0;2,0;0,0;8,0;30,0;1,0;15,0;13,0;1,0;1,0;0,0;0,0;0,0;0,0;0,0;0,0;0,0;0,0;115,0
502;2015-08-08;0,0;0,0;12,0;7,0;0,0;5,0;10,0;0,0;4,0;2,0;0,0;0,0;1,0;0,0;0,0;0,0;0,0;0,0;0,0;0,0;41,0
503;2015-08-15;0,0;0,0;3,0;2,0;0,0;3,0;11,0;0,0;12,0;5,0;2,0;0,0;0,0;0,0;0,0;0,0;0,0;0,0;0,0;0,0;38,0
504;2015-08-22;0,0;0,0;4,0;2,0;1,0;3,0;0,0;0,0;10,0;3,0;1,0;0,0;0,0;0,0;0,0;0,0;0,0;0,0;0,0;0,0;24,0
505;2015-08-29;30,0;5,0;7,0;7,0;3,0;13,0;2,0;3,0;33,0;21,0;1,0;0,0;0,0;2,0;0,0;0,0;0,0;0,0;0,0;0,0;127,0
506;2015-09-05;6,0;9,0;3,0;2,0;0,0;0,0;15,0;0,0;7,0;6,0;0,0;0,0;0,0;1,0;1,0;0,0;0,0;0,0;0,0;0,0;50,0
507;2015-09-12;8,0;0,0;9,0;8,0;2,0;10,0;8,0;0,0;5,0;4,0;0,0;0,0;0,0;0,0;0,0;0,0;0,0;0,0;0,0;0,0;54,0
508;2015-10-17;43,0;16,0;7,0;2,0;1,0;5,0;0,0;2,0;15,0;5,0;0,0;0,0;0,0;0,0;0,0;0,0;0,0;0,0;0,0;0,0;96,0
509;2015-10-24;8,0;7,0;12,0;8,0;1,0;5,0;0,0;2,0;16,0;0,0;0,0;0,0;0,0;0,0;0,0;0,0;0,0;0,0;0,0;0,0;59,0
510;2015-10-31;0,0;1,0;5,0;2,0;0,0;2,0;0,0;3,0;26,0;12,0;1,0;0,0;0,0;0,0;0,0;0,0;0,0;0,0;0,0;0,0;52,0
511;2015-11-07;10,0;5,0;2,0;1,0;1,0;0,0;13,0;4,0;34,0;21,0;1,0;0,0;0,0;0,0;0,0;0,0;0,0;0,0;0,0;0,0;92,0
512;2015-11-14;0,0;6,0;9,0;3,0;1,0;4,0;23,0;2,0;32,0;21,0;2,0;0,0;0,0;0,0;0,0;0,0;0,0;0,0;0,0;0,0;103,0
513;2015-11-21;0,0;4,0;7,0;6,0;6,0;7,0;20,0;1,0;23,0;11,0;0,0;0,0;0,0;0,0;0,0;0,0;0,0;0,0;0,0;0,0;85,0
514;2015-11-28;11,0;1,0;2,0;1,0;1,0;1,0;27,0;0,0;8,0;6,0;0,0;0,0;0,0;0,0;0,0;0,0;0,0;0,0;0,0;0,0;58,0
515;2015-12-05;24,0;1,0;3,0;1,0;0,0;3,0;0,0;1,0;14,0;8,0;0,0;0,0;0,0;0,0;0,0;0,0;0,0;0,0;6,0;0,0;61,0
516;2015-12-12;0,0;0,0;2,0;2,0;0,0;2,0;50,0;0,0;28,0;18,0;1,0;0,0;0,0;0,0;0,0;0,0;0,0;0,0;0,0;0,0;103,0
517;2015-12-19;0,0;0,0;2,0;2,0;0,0;2,0;0,0;0,0;6,0;3,0;0,0;0,0;0,0;0,0;0,0;0,0;0,0;0,0;0,0;0,0;15,0
518;2015-12-26;5,0;0,0;4,0;3,0;0,0;3,0;10,0;0,0;13,0;8,0;0,0;0,0;0,0;0,0;0,0;0,0;0,0;0,0;0,0;0,0;46,0
519;2016-01-02;0,0;0,0;1,0;0,0;0,0;1,0;4,0;0,0;4,0;2,0;0,0;0,0;0,0;0,0;0,0;0,0;0,0;0,0;0,0;0,0;12,0
520;2016-01-09;17,0;0,0;1,0;1,0;0,0;0,0;16,0;0,0;10,0;3,0;0,0;0,0;0,0;0,0;0,0;0,0;0,0;5,0;7,0;0,0;60,0
521;2016-01-16;10,0;0,0;1,0;1,0;0,0;1,0;25,0;0,0;1,0;1,0;0,0;0,0;0,0;0,0;0,0;0,0;0,0;0,0;0,0;0,0;40,0
522;2016-01-23;39,0;6,0;0,0;0,0;0,0;0,0;18,0;0,0;9,0;6,0;0,0;0,0;0,0;0,0;0,0;0,0;0,0;0,0;0,0;0,0;78,0
523;2016-02-06;5,0;1,0;7,0;0,0;0,0;4,0;25,0;0,0;10,0;9,0;1,0;0,0;0,0;0,0;0,0;0,0;0,0;0,0;0,0;0,0;62,0
524;2016-02-13;72,0;0,0;3,0;3,0;6,0;2,0;19,0;0,0;20,0;15,0;0,0;0,0;0,0;0,0;0,0;0,0;0,0;0,0;0,0;0,0;140,0
525;2016-02-20;87,0;0,0;0,0;0,0;7,0;0,0;64,0;0,0;7,0;2,0;0,0;0,0;0,0;0,0;0,0;0,0;0,0;0,0;0,0;0,0;167,0
526;2016-02-27;0,0;0,0;0,0;0,0;0,0;0,0;0,0;0,0;4,0;2,0;1,0;0,0;0,0;0,0;0,0;0,0;0,0;0,0;0,0;0,0;7,0
527;2016-03-12;0,0;0,0;0,0;0,0;0,0;0,0;51,0;0,0;13,0;11,0;0,0;0,0;0,0;0,0;0,0;0,0;0,0;0,0;0,0;0,0;75,0
528;2016-03-19;14,0;4,0;5,0;5,0;1,0;10,0;36,0;0,0;22,0;21,0;0,0;0,0;0,0;0,0;0,0;0,0;0,0;0,0;0,0;0,0;118,0
529;2016-03-26;0,0;0,0;1,0;1,0;0,0;1,0;11,0;2,0;57,0;27,0;0,0;0,0;0,0;0,0;0,0;0,0;0,0;0,0;0,0;0,0;100,0
530;2016-04-02;0,0;0,0;0,0;0,0;0,0;0,0;7,0;0,0;29,0;15,0;2,0;0,0;0,0;0,0;0,0;0,0;0,0;0,0;0,0;0,0;53,0
531;2016-04-09;0,0;0,0;2,0;1,0;0,0;1,0;77,0;0,0;11,0;9,0;0,0;0,0;0,0;0,0;0,0;0,0;0,0;0,0;0,0;0,0;101,0
532;2016-04-16;0,0;0,0;0,0;0,0;0,0;0,0;31,0;0,0;4,0;4,0;1,0;2,0;0,0;0,0;0,0;0,0;0,0;0,0;0,0;0,0;42,0
533;2016-04-23;0,0;1,0;0,0;0,0;0,0;0,0;0,0;0,0;36,0;11,0;0,0;0,0;1,0;0,0;0,0;0,0;0,0;0,0;0,0;0,0;49,0
534;2016-04-30;0,0;0,0;1,0;1,0;0,0;1,0;44,0;0,0;11,0;6,0;2,0;0,0;0,0;0,0;0,0;0,0;0,0;0,0;0,0;0,0;66,0
535;2016-05-07;0,0;0,0;0,0;0,0;0,0;0,0;0,0;0,0;18,0;15,0;1,0;0,0;0,0;0,0;0,0;0,0;0,0;0,0;0,0;0,0;34,0
536;2016-05-14;0,0;0,0;8,0;3,0;0,0;3,0;8,0;0,0;16,0;11,0;0,0;0,0;0,0;0,0;0,0;0,0;0,0;0,0;0,0;0,0;49,0
537;2016-06-04;2,0;0,0;1,0;0,0;1,0;0,0;0,0;0,0;4,0;1,0;0,0;0,0;0,0;0,0;0,0;0,0;0,0;0,0;0,0;0,0;9,0
538;2016-06-11;40,0;0,0;12,0;1,0;0,0;8,0;0,0;0,0;29,0;1,0;0,0;0,0;0,0;0,0;0,0;0,0;0,0;1,0;1,0;0,0;93,0
539;2016-06-18;0,0;4,0;10,0;6,0;1,0;6,0;31,0;0,0;17,0;3,0;0,0;0,0;0,0;0,0;0,0;1,0;0,0;0,0;0,0;0,0;79,0
540;2016-06-25;26,0;1,0;12,0;9,0;0,0;22,0;19,0;0,0;26,0;10,0;0,0;0,0;1,0;0,0;0,0;0,0;0,0;2,0;0,0;0,0;128,0
541;2016-07-02;0,0;0,0;6,0;6,0;1,0;3,0;12,0;0,0;18,0;0,0;1,0;0,0;0,0;0,0;0,0;0,0;0,0;0,0;0,0;0,0;47,0
542;2016-07-09;11,0;1,0;18,0;10,0;0,0;14,0;22,0;0,0;22,0;10,0;0,0;0,0;0,0;0,0;0,0;0,0;1,0;0,0;0,0;0,0;109,0
543;2016-07-16;42,0;0,0;11,0;6,0;5,0;10,0;5,0;0,0;16,0;1,0;0,0;0,0;0,0;1,0;0,0;0,0;0,0;0,0;0,0;0,0;97,0
544;2016-07-21;5,0;0,0;6,0;1,0;0,0;0,0;8,0;0,0;3,0;2,0;1,0;0,0;0,0;0,0;0,0;0,0;0,0;0,0;0,0;0,0;26,0
545;2016-07-23;13,0;0,0;1,0;1,0;0,0;1,0;27,0;0,0;28,0;8,0;0,0;0,0;0,0;0,0;0,0;0,0;0,0;2,0;0,0;0,0;81,0
546;2016-07-28;21,0;0,0;6,0;11,0;1,0;5,0;0,0;0,0;7,0;2,0;0,0;0,0;0,0;0,0;0,0;0,0;0,0;1,0;0,0;0,0;54,0
547;2016-07-30;0,0;0,0;3,0;1,0;0,0;2,0;15,0;0,0;4,0;1,0;1,0;0,0;0,0;0,0;0,0;0,0;0,0;0,0;0,0;0,0;27,0
548;2016-08-06;12,0;0,0;9,0;5,0;0,0;8,0;36,0;1,0;16,0;3,0;3,0;0,0;0,0;0,0;0,0;0,0;0,0;0,0;0,0;0,0;93,0
549;2016-08-13;13,0;1,0;5,0;2,0;1,0;5,0;9,0;0,0;4,0;6,0;3,0;0,0;0,0;0,0;0,0;0,0;0,0;0,0;0,0;0,0;49,0
550;2016-08-20;12,0;3,0;4,0;4,0;2,0;3,0;36,0;0,0;5,0;4,0;2,0;0,0;1,0;0,0;0,0;0,0;0,0;0,0;0,0;0,0;76,0
551;2016-08-27;3,0;2,0;5,0;2,0;0,0;6,0;15,0;0,0;15,0;6,0;0,0;0,0;0,0;0,0;0,0;0,0;0,0;0,0;0,0;0,0;54,0
552;2016-09-03;12,0;0,0;3,0;0,0;3,0;1,0;15,0;1,0;13,0;4,0;4,0;0,0;0,0;0,0;0,0;0,0;1,0;0,0;1,0;0,0;58,0
553;2016-09-10;13,0;2,0;4,0;1,0;0,0;3,0;28,0;0,0;4,0;3,0;0,0;0,0;0,0;0,0;0,0;0,0;0,0;0,0;4,0;0,0;62,0
554;2016-10-22;0,0;2,0;3,0;2,0;0,0;3,0;0,0;1,0;15,0;7,0;0,0;0,0;0,0;0,0;0,0;0,0;0,0;0,0;0,0;0,0;33,0
555;2016-10-29;7,0;3,0;5,0;2,0;0,0;5,0;12,0;0,0;16,0;8,0;3,0;1,0;0,0;1,0;0,0;0,0;0,0;0,0;0,0;0,0;63,0
556;2016-11-05;5,0;2,0;4,0;2,0;0,0;5,0;19,0;0,0;10,0;9,0;0,0;0,0;0,0;0,0;0,0;0,0;0,0;0,0;0,0;0,0;56,0
557;2016-11-12;5,0;0,0;3,0;1,0;0,0;4,0;3,0;1,0;31,0;18,0;0,0;0,0;0,0;0,0;0,0;0,0;0,0;0,0;0,0;0,0;66,0
558;2016-11-19;0,0;4,0;5,0;1,0;0,0;5,0;15,0;1,0;14,0;4,0;0,0;0,0;0,0;0,0;0,0;0,0;0,0;0,0;0,0;0,0;49,0
559;2016-11-26;7,0;2,0;4,0;4,0;0,0;6,0;0,0;0,0;9,0;4,0;0,0;0,0;0,0;0,0;0,0;0,0;0,0;0,0;0,0;0,0;36,0
560;2016-12-03;0,0;3,0;4,0;1,0;1,0;2,0;18,0;0,0;12,0;8,0;0,0;0,0;0,0;0,0;0,0;0,0;0,0;0,0;0,0;0,0;49,0
561;2016-12-10;5,0;2,0;0,0;0,0;0,0;0,0;6,0;0,0;21,0;6,0;2,0;0,0;0,0;0,0;0,0;0,0;0,0;0,0;0,0;0,0;42,0
562;2016-12-17;9,0;1,0;0,0;0,0;0,0;0,0;8,0;0,0;19,0;8,0;2,0;0,0;1,0;2,0;0,0;0,0;0,0;0,0;0,0;0,0;50,0
563;2016-12-24;11,0;0,0;1,0;0,0;0,0;2,0;5,0;0,0;23,0;6,0;0,0;0,0;0,0;0,0;0,0;0,0;0,0;0,0;0,0;0,0;48,0
564;2016-12-31;0,0;0,0;3,0;2,0;0,0;1,0;0,0;0,0;5,0;5,0;1,0;0,0;0,0;0,0;0,0;0,0;0,0;0,0;0,0;0,0;17,0
565;2017-02-04;0,0;0,0;0,0;0,0;0,0;0,0;24,0;0,0;21,0;12,0;1,0;0,0;0,0;0,0;0,0;0,0;0,0;0,0;0,0;0,0;58,0
566;2017-02-18;0,0;1,0;0,0;0,0;0,0;0,0;2,0;0,0;5,0;3,0;0,0;0,0;0,0;0,0;0,0;0,0;0,0;0,0;0,0;0,0;11,0
567;2017-02-25;27,0;3,0;1,0;0,0;6,0;10,0;64,0;0,0;13,0;8,0;1,0;0,0;0,0;1,0;0,0;0,0;0,0;0,0;0,0;0,0;134,0
568;2017-03-04;0,0;0,0;5,0;3,0;0,0;4,0;24,0;0,0;1,0;1,0;0,0;0,0;0,0;1,0;0,0;0,0;0,0;0,0;0,0;0,0;39,0
569;2017-03-11;1,0;0,0;15,0;1,0;0,0;5,0;0,0;4,0;24,0;10,0;2,0;3,0;0,0;0,0;0,0;0,0;0,0;0,0;0,0;0,0;65,0
570;2017-03-18;4,0;0,0;0,0;0,0;0,0;0,0;14,0;1,0;8,0;7,0;0,0;0,0;0,0;0,0;0,0;0,0;0,0;0,0;0,0;0,0;34,0
571;2017-03-25;30,0;3,0;3,0;3,0;5,0;3,0;8,0;0,0;15,0;5,0;1,0;0,0;0,0;0,0;0,0;0,0;0,0;0,0;0,0;0,0;76,0
572;2017-04-01;0,0;0,0;0,0;0,0;0,0;0,0;45,0;1,0;5,0;2,0;0,0;0,0;0,0;2,0;0,0;0,0;0,0;0,0;0,0;0,0;55,0
573;2017-04-08;4,0;0,0;2,0;2,0;0,0;2,0;26,0;0,0;27,0;14,0;4,0;0,0;0,0;0,0;0,0;0,0;0,0;0,0;0,0;0,0;81,0
574;2017-04-15;6,0;2,0;2,0;3,0;0,0;2,0;15,0;20,0;7,0;11,0;0,0;0,0;1,0;0,0;0,0;0,0;0,0;0,0;0,0;0,0;69,0
575;2017-04-22;0,0;0,0;0,0;0,0;0,0;0,0;0,0;0,0;13,0;9,0;0,0;0,0;0,0;0,0;0,0;0,0;0,0;0,0;0,0;0,0;22,0
576;2017-04-29;8,0;0,0;1,0;0,0;1,0;0,0;44,0;1,0;19,0;10,0;0,0;0,0;1,0;1,0;1,0;0,0;0,0;0,0;0,0;0,0;87,0
577;2017-05-06;0,0;0,0;2,0;0,0;0,0;2,0;18,0;1,0;14,0;6,0;0,0;0,0;0,0;0,0;0,0;0,0;0,0;0,0;0,0;0,0;43,0
578;2017-05-13;0,0;3,0;4,0;3,0;0,0;1,0;44,0;0,0;6,0;3,0;0,0;0,0;0,0;0,0;0,0;0,0;0,0;0,0;0,0;0,0;64,0
579;2017-05-20;10,0;0,0;1,0;1,0;0,0;3,0;44,0;0,0;0,0;0,0;0,0;0,0;0,0;0,0;0,0;0,0;0,0;0,0;0,0;0,0;59,0
580;2017-05-27;0,0;0,0;7,0;7,0;0,0;4,0;41,0;0,0;7,0;0,0;1,0;0,0;0,0;0,0;0,0;0,0;0,0;0,0;0,0;0,0;67,0
581;2017-06-03;4,0;0,0;9,0;5,0;0,0;1,0;0,0;0,0;10,0;0,0;0,0;0,0;1,0;0,0;0,0;0,0;0,0;0,0;0,0;0,0;30,0
582;2017-06-10;8,0;0,0;22,0;7,0;0,0;6,0;0,0;0,0;18,0;2,0;0,0;0,0;0,0;0,0;0,0;0,0;0,0;0,0;0,0;0,0;63,0
583;2017-06-17;0,0;0,0;8,0;4,0;0,0;2,0;0,0;0,0;24,0;0,0;0,0;0,0;0,0;3,0;0,0;0,0;0,0;0,0;0,0;0,0;41,0
584;2017-06-24;0,0;0,0;8,0;3,0;0,0;6,0;0,0;0,0;27,0;1,0;0,0;0,0;0,0;0,0;0,0;0,0;0,0;0,0;0,0;0,0;45,0
585;2017-07-01;8,0;1,0;7,0;3,0;0,0;4,0;5,0;0,0;18,0;0,0;0,0;0,0;0,0;0,0;0,0;0,0;0,0;0,0;0,0;0,0;46,0
586;2017-07-08;0,0;0,0;12,0;2,0;0,0;5,0;0,0;0,0;8,0;4,0;0,0;0,0;0,0;0,0;0,0;0,0;0,0;0,0;0,0;0,0;31,0
587;2017-07-15;1,0;0,0;5,0;4,0;1,0;3,0;9,0;0,0;9,0;3,0;0,0;0,0;1,0;0,0;0,0;0,0;0,0;6,0;7,0;8,0;57,0
588;2017-07-22;0,0;0,0;3,0;1,0;0,0;2,0;5,0;0,0;6,0;4,0;0,0;0,0;0,0;0,0;0,0;0,0;0,0;0,0;1,0;0,0;22,0
589;2017-07-29;0,0;0,0;2,0;0,0;0,0;2,0;38,0;0,0;8,0;4,0;0,0;0,0;0,0;0,0;0,0;0,0;0,0;0,0;0,0;0,0;54,0
590;2017-08-05;24,0;2,0;1,0;1,0;0,0;10,0;18,0;1,0;3,0;9,0;0,0;0,0;0,0;0,0;0,0;0,0;0,0;0,0;0,0;0,0;69,0
591;2017-08-12;6,0;0,0;5,0;3,0;0,0;3,0;11,0;0,0;0,0;0,0;0,0;0,0;0,0;0,0;0,0;0,0;0,0;0,0;0,0;0,0;28,0
592;2017-08-19;0,0;0,0;3,0;2,0;0,0;3,0;31,0;1,0;5,0;1,0;0,0;0,0;0,0;0,0;0,0;0,0;0,0;0,0;0,0;0,0;46,0
593;2017-08-26;0,0;0,0;5,0;0,0;0,0;4,0;0,0;0,0;33,0;11,0;0,0;0,0;0,0;0,0;0,0;0,0;1,0;2,0;0,0;0,0;56,0
594;2017-09-02;0,0;0,0;4,0;2,0;0,0;3,0;9,0;1,0;27,0;13,0;0,0;0,0;0,0;0,0;0,0;0,0;0,0;0,0;1,0;0,0;60,0
595;2017-10-21;0,0;0,0;2,0;1,0;0,0;1,0;4,0;1,0;4,0;0,0;0,0;0,0;0,0;0,0;0,0;0,0;0,0;0,0;0,0;0,0;13,0
596;2017-10-28;31,0;5,0;4,0;4,0;3,0;3,0;12,0;0,0;16,0;6,0;1,0;0,0;0,0;0,0;0,0;0,0;0,0;0,0;0,0;0,0;85,0
597;2017-11-11;0,0;0,0;6,0;0,0;0,0;3,0;12,0;0,0;18,0;11,0;0,0;0,0;0,0;0,0;0,0;0,0;0,0;0,0;0,0;0,0;50,0
598;2017-11-18;15,0;5,0;1,0;1,0;0,0;1,0;0,0;2,0;8,0;3,0;0,0;0,0;0,0;0,0;0,0;0,0;0,0;0,0;0,0;0,0;36,0
599;2017-11-25;0,0;0,0;6,0;1,0;2,0;4,0;0,0;1,0;27,0;13,0;0,0;0,0;0,0;0,0;0,0;0,0;0,0;0,0;0,0;0,0;54,0
600;2017-12-02;5,0;0,0;0,0;0,0;0,0;1,0;7,0;0,0;7,0;8,0;0,0;0,0;0,0;0,0;0,0;0,0;1,0;0,0;0,0;0,0;29,0
601;2017-12-23;0,0;0,0;0,0;1,0;0,0;0,0;4,0;0,0;11,0;7,0;0,0;0,0;0,0;0,0;0,0;0,0;0,0;0,0;0,0;0,0;23,0
602;2018-01-06;0,0;0,0;0,0;0,0;0,0;0,0;0,0;0,0;27,0;7,0;0,0;0,0;0,0;0,0;0,0;0,0;0,0;0,0;0,0;0,0;34,0
603;2018-01-13;6,0;5,0;4,0;1,0;2,0;1,0;74,0;1,0;12,0;1,0;0,0;0,0;0,0;0,0;0,0;0,0;0,0;0,0;0,0;0,0;107,0
604;2018-01-20;0,0;5,0;0,0;0,0;0,0;0,0;0,0;1,0;32,0;16,0;0,0;0,0;0,0;0,0;0,0;0,0;0,0;1,0;0,0;0,0;55,0
605;2018-01-27;0,0;0,0;0,0;0,0;0,0;0,0;0,0;0,0;41,0;19,0;0,0;0,0;0,0;0,0;0,0;0,0;0,0;0,0;0,0;0,0;60,0
606;2018-02-03;0,0;0,0;4,0;5,0;0,0;7,0;28,0;0,0;12,0;10,0;1,0;0,0;0,0;0,0;0,0;0,0;0,0;0,0;0,0;0,0;67,0
607;2018-02-10;0,0;0,0;0,0;0,0;0,0;0,0;35,0;0,0;4,0;4,0;0,0;0,0;0,0;0,0;0,0;0,0;0,0;1,0;3,0;0,0;47,0
608;2018-02-17;4,0;2,0;0,0;0,0;0,0;0,0;18,0;0,0;22,0;14,0;1,0;0,0;0,0;0,0;0,0;0,0;0,0;3,0;0,0;0,0;64,0
609;2018-02-24;0,0;6,0;7,0;6,0;1,0;6,0;0,0;0,0;12,0;7,0;0,0;0,0;0,0;0,0;0,0;0,0;0,0;0,0;0,0;0,0;45,0
610;2018-03-10;0,0;1,0;2,0;2,0;0,0;1,0;8,0;0,0;12,0;7,0;0,0;0,0;0,0;0,0;0,0;0,0;0,0;0,0;0,0;0,0;33,0
611;2018-03-24;14,0;0,0;0,0;0,0;0,0;5,0;2,0;0,0;16,0;8,0;2,0;0,0;0,0;0,0;0,0;0,0;0,0;0,0;0,0;0,0;47,0
612;2018-03-31;10,0;0,0;11,0;10,0;1,0;8,0;34,0;0,0;7,0;4,0;0,0;0,0;0,0;2,0;0,0;0,0;0,0;0,0;0,0;0,0;87,0
613;2018-04-07;0,0;0,0;3,0;3,0;0,0;3,0;57,0;0,0;8,0;6,0;0,0;0,0;0,0;0,0;0,0;0,0;0,0;0,0;0,0;0,0;80,0
614;2018-04-14;0,0;3,0;0,0;0,0;0,0;0,0;34,0;0,0;6,0;8,0;2,0;0,0;0,0;0,0;0,0;0,0;0,0;0,0;0,0;0,0;53,0
615;2018-04-21;0,0;0,0;0,0;0,0;0,0;0,0;10,0;0,0;6,0;4,0;0,0;0,0;0,0;0,0;0,0;0,0;0,0;0,0;0,0;0,0;20,0
616;2018-04-28;0,0;0,0;7,0;3,0;0,0;4,0;36,0;0,0;0,0;0,0;0,0;0,0;0,0;0,0;0,0;0,0;1,0;0,0;0,0;0,0;51,0
617;2018-05-05;0,0;0,0;6,0;5,0;0,0;5,0;25,0;0,0;11,0;7,0;0,0;0,0;0,0;0,0;0,0;0,0;0,0;0,0;0,0;0,0;59,0
618;2018-05-12;4,0;0,0;9,0;7,0;1,0;4,0;35,0;0,0;3,0;1,0;0,0;0,0;0,0;0,0;0,0;0,0;0,0;0,0;0,0;0,0;64,0
619;2018-05-19;0,0;0,0;3,0;0,0;0,0;2,0;41,0;0,0;1,0;0,0;0,0;0,0;0,0;0,0;0,0;0,0;1,0;4,0;0,0;0,0;52,0
620;2018-05-26;0,0;0,0;2,0;3,0;0,0;3,0;13,0;0,0;0,0;0,0;0,0;0,0;0,0;0,0;0,0;0,0;1,0;0,0;3,0;0,0;25,0
621;2018-06-02;0,0;0,0;1,0;4,0;0,0;1,0;21,0;0,0;5,0;0,0;0,0;0,0;0,0;0,0;0,0;0,0;1,0;0,0;0,0;0,0;33,0
622;2018-06-09;3,0;0,0;10,0;2,0;0,0;2,0;5,0;0,0;17,0;0,0;1,0;0,0;0,0;0,0;0,0;0,0;0,0;1,0;0,0;6,0;47,0
623;2018-06-23;13,0;0,0;8,0;6,0;0,0;6,0;21,0;0,0;18,0;0,0;0,0;0,0;0,0;0,0;0,0;0,0;1,0;0,0;0,0;0,0;73,0
624;2018-06-30;0,0;0,0;19,0;7,0;0,0;13,0;6,0;0,0;17,0;4,0;0,0;0,0;0,0;0,0;0,0;0,0;0,0;3,0;0,0;0,0;69,0
625;2018-07-07;0,0;0,0;17,0;3,0;0,0;15,0;0,0;0,0;12,0;5,0;0,0;0,0;0,0;0,0;0,0;0,0;1,0;0,0;0,0;0,0;53,0
626;2018-07-14;3,0;1,0;4,0;0,0;0,0;2,0;3,0;1,0;16,0;3,0;0,0;0,0;0,0;0,0;0,0;0,0;0,0;0,0;0,0;0,0;33,0
627;2018-07-16;0,0;0,0;4,0;2,0;0,0;1,0;26,0;0,0;4,0;1,0;0,0;0,0;0,0;0,0;0,0;0,0;0,0;1,0;0,0;5,0;44,0
628;2018-07-21;0,0;0,0;10,0;7,0;1,0;7,0;0,0;0,0;10,0;2,0;1,0;0,0;0,0;0,0;0,0;0,0;0,0;0,0;0,0;0,0;38,0
629;2018-07-28;0,0;0,0;9,0;8,0;0,0;7,0;30,0;0,0;14,0;3,0;1,0;0,0;0,0;0,0;0,0;0,0;0,0;0,0;3,0;0,0;75,0
630;2018-08-11;0,0;0,0;1,0;1,0;0,0;1,0;50,0;0,0;14,0;14,0;1,0;0,0;0,0;0,0;0,0;0,0;0,0;0,0;0,0;0,0;82,0
631;2018-08-18;2,0;0,0;6,0;3,0;0,0;4,0;7,0;0,0;33,0;17,0;0,0;0,0;0,0;0,0;0,0;0,0;0,0;0,0;0,0;0,0;72,0
632;2018-08-25;0,0;1,0;1,0;0,0;0,0;0,0;0,0;0,0;20,0;6,0;0,0;0,0;0,0;0,0;0,0;0,0;2,0;0,0;0,0;0,0;30,0
633;2018-09-01;0,0;0,0;5,0;3,0;0,0;5,0;15,0;1,0;14,0;2,0;1,0;0,0;0,0;0,0;0,0;0,0;0,0;1,0;0,0;0,0;47,0
634;2018-09-08;0,0;1,0;9,0;2,0;0,0;7,0;34,0;0,0;6,0;3,0;6,0;0,0;0,0;0,0;0,0;0,0;0,0;0,0;0,0;0,0;68,0
635;2018-10-13;0,0;2,0;4,0;0,0;0,0;3,0;0,0;1,0;3,0;0,0;0,0;0,0;0,0;0,0;0,0;0,0;0,0;0,0;0,0;0,0;13,0
636;2018-10-20;13,0;5,0;0,0;0,0;0,0;0,0;32,0;1,0;13,0;6,0;0,0;0,0;0,0;0,0;0,0;0,0;0,0;0,0;0,0;0,0;70,0
637;2018-10-27;4,0;1,0;4,0;3,0;0,0;2,0;45,0;1,0;8,0;5,0;0,0;0,0;0,0;0,0;0,0;0,0;0,0;0,0;0,0;0,0;73,0
638;2018-11-03;0,0;0,0;0,0;0,0;0,0;0,0;30,0;2,0;15,0;7,0;0,0;0,0;0,0;0,0;0,0;0,0;0,0;0,0;0,0;0,0;54,0
639;2018-11-10;10,0;2,0;4,0;3,0;0,0;3,0;8,0;1,0;6,0;1,0;0,0;0,0;0,0;0,0;0,0;0,0;0,0;0,0;0,0;0,0;38,0
640;2018-11-17;0,0;0,0;0,0;0,0;0,0;0,0;17,0;0,0;19,0;6,0;0,0;0,0;0,0;0,0;0,0;0,0;0,0;0,0;0,0;0,0;42,0
641;2018-11-24;0,0;0,0;0,0;0,0;0,0;0,0;15,0;0,0;15,0;5,0;0,0;0,0;0,0;0,0;0,0;0,0;0,0;0,0;0,0;0,0;35,0
642;2018-12-01;0,0;0,0;0,0;0,0;0,0;0,0;0,0;0,0;32,0;7,0;0,0;0,0;0,0;0,0;0,0;0,0;0,0;0,0;0,0;0,0;39,0
643;2018-12-08;0,0;0,0;5,0;0,0;0,0;1,0;31,0;0,0;4,0;3,0;0,0;0,0;0,0;0,0;0,0;0,0;0,0;0,0;0,0;0,0;44,0
644;2018-12-15;0,0;4,0;4,0;3,0;0,0;3,0;31,0;0,0;9,0;1,0;0,0;0,0;0,0;0,0;0,0;0,0;0,0;0,0;0,0;0,0;55,0
645;2018-12-22;0,0;10,0;5,0;3,0;0,0;3,0;21,0;4,0;7,0;8,0;0,0;0,0;0,0;0,0;0,0;0,0;0,0;0,0;0,0;0,0;61,0
646;2018-12-29;0,0;1,0;4,0;1,0;0,0;2,0;11,0;1,0;57,0;9,0;0,0;0,0;0,0;0,0;0,0;0,0;0,0;0,0;0,0;0,0;86,0
647;2019-01-05;0,0;0,0;0,0;3,0;0,0;1,0;11,0;0,0;0,0;0,0;0,0;0,0;0,0;0,0;0,0;0,0;0,0;0,0;0,0;0,0;15,0
648;2019-01-12;0,0;0,0;0,0;0,0;0,0;0,0;12,0;0,0;10,0;6,0;0,0;0,0;0,0;0,0;0,0;0,0;0,0;0,0;0,0;0,0;28,0
649;2019-01-19;0,0;0,0;2,0;0,0;0,0;2,0;0,0;1,0;26,0;11,0;0,0;0,0;0,0;0,0;0,0;0,0;0,0;3,0;0,0;0,0;45,0
650;2019-02-09;10,0;0,0;1,0;1,0;0,0;3,0;7,0;0,0;11,0;6,0;1,0;0,0;0,0;0,0;0,0;0,0;0,0;0,0;0,0;0,0;40,0
651;2019-02-16;0,0;0,0;0,0;0,0;0,0;0,0;40,0;0,0;5,0;2,0;0,0;0,0;0,0;0,0;0,0;0,0;0,0;0,0;0,0;0,0;47,0
652;2019-02-23;0,0;8,0;6,0;5,0;0,0;3,0;40,0;0,0;15,0;3,0;0,0;0,0;0,0;0,0;0,0;0,0;0,0;0,0;0,0;0,0;80,0
653;2019-03-02;0,0;0,0;1,0;1,0;0,0;1,0;7,0;0,0;4,0;9,0;0,0;0,0;0,0;0,0;0,0;0,0;0,0;0,0;0,0;0,0;23,0
654;2019-03-09;0,0;0,0;0,0;0,0;0,0;0,0;0,0;0,0;19,0;7,0;1,0;0,0;0,0;0,0;0,0;0,0;0,0;0,0;0,0;0,0;27,0
655;2019-03-16;0,0;0,0;0,0;0,0;0,0;0,0;0,0;0,0;26,0;4,0;0,0;0,0;0,0;0,0;0,0;0,0;0,0;0,0;0,0;0,0;30,0
656;2019-03-23;0,0;0,0;1,0;1,0;0,0;1,0;0,0;0,0;16,0;5,0;0,0;0,0;0,0;0,0;0,0;0,0;0,0;0,0;0,0;0,0;24,0
657;2019-03-30;0,0;0,0;2,0;0,0;0,0;0,0;40,0;0,0;11,0;5,0;0,0;0,0;0,0;0,0;0,0;0,0;0,0;0,0;0,0;0,0;58,0
658;2019-04-06;0,0;0,0;1,0;1,0;0,0;1,0;0,0;0,0;31,0;18,0;0,0;0,0;0,0;0,0;0,0;0,0;0,0;0,0;0,0;0,0;52,0
659;2019-04-13;0,0;0,0;0,0;0,0;0,0;0,0;23,0;0,0;2,0;4,0;0,0;0,0;0,0;0,0;0,0;0,0;0,0;0,0;0,0;0,0;29,0
660;2019-04-20;0,0;0,0;0,0;0,0;0,0;0,0;19,0;0,0;1,0;1,0;0,0;0,0;0,0;0,0;0,0;0,0;0,0;0,0;0,0;0,0;21,0
661;2019-04-27;0,0;0,0;2,0;0,0;0,0;0,0;0,0;0,0;25,0;0,0;0,0;0,0;0,0;0,0;0,0;0,0;0,0;2,0;0,0;8,0;37,0
662;2019-05-18;0,0;0,0;3,0;2,0;0,0;2,0;64,0;0,0;26,0;12,0;0,0;0,0;0,0;0,0;0,0;0,0;0,0;0,0;0,0;0,0;109,0
663;2019-06-01;10,0;0,0;11,0;5,0;0,0;8,0;105,0;0,0;21,0;0,0;0,0;0,0;0,0;0,0;0,0;1,0;1,0;0,0;0,0;0,0;162,0
664;2019-06-29;0,0;0,0;5,0;4,0;0,0;4,0;0,0;0,0;26,0;11,0;0,0;0,0;0,0;0,0;0,0;0,0;0,0;0,0;0,0;0,0;50,0
665;2019-07-13;0,0;1,0;16,0;10,0;0,0;11,0;3,0;0,0;27,0;4,0;0,0;0,0;0,0;0,0;0,0;0,0;0,0;0,0;0,0;0,0;72,0
666;2019-08-10;0,0;0,0;5,0;3,0;1,0;3,0;0,0;0,0;28,0;0,0;4,0;0,0;0,0;0,0;0,0;0,0;0,0;0,0;0,0;0,0;44,0
667;2019-08-24;0,0;1,0;5,0;4,0;1,0;1,0;38,0;0,0;15,0;7,0;3,0;0,0;0,0;0,0;0,0;0,0;0,0;0,0;0,0;0,0;75,0
668;2019-09-07;0,0;4,0;7,0;5,0;0,0;4,0;26,0;2,0;25,0;8,0;0,0;0,0;0,0;0,0;0,0;0,0;0,0;0,0;1,0;0,0;82,0
669;2019-11-02;8,0;3,0;2,0;0,0;0,0;0,0;3,0;1,0;4,0;0,0;0,0;0,0;0,0;0,0;0,0;0,0;0,0;1,0;0,0;0,0;22,0
670;2019-11-16;0,0;0,0;0,0;0,0;0,0;0,0;0,0;0,0;20,0;5,0;1,0;0,0;0,0;0,0;0,0;0,0;0,0;0,0;0,0;0,0;26,0
671;2019-11-30;0,0;0,0;2,0;0,0;0,0;0,0;5,0;0,0;13,0;7,0;1,0;0,0;0,0;0,0;0,0;0,0;0,0;0,0;0,0;0,0;28,0
672;2019-12-14;0,0;1,0;3,0;2,0;0,0;2,0;0,0;1,0;22,0;5,0;0,0;0,0;0,0;0,0;0,0;0,0;0,0;0,0;0,0;0,0;36,0
673;2019-12-28;0,0;0,0;1,0;1,0;0,0;1,0;2,0;0,0;9,0;3,0;1,0;0,0;0,0;0,0;0,0;0,0;0,0;0,0;0,0;0,0;18,0
674;2020-01-11;15,0;0,0;0,0;0,0;0,0;0,0;13,0;0,0;25,0;5,0;1,0;0,0;0,0;0,0;0,0;1,0;0,0;0,0;0,0;0,0;60,0
675;2020-01-25;0,0;0,0;0,0;0,0;0,0;0,0;30,0;0,0;7,0;2,0;0,0;0,0;0,0;0,0;0,0;0,0;0,0;0,0;0,0;0,0;39,0
676;2020-02-01;0,0;0,0;1,0;2,0;0,0;1,0;21,0;0,0;1,0;0,0;0,0;0,0;0,0;0,0;0,0;0,0;0,0;0,0;0,0;0,0;26,0
677;2020-02-08;5,0;1,0;9,0;0,0;0,0;3,0;0,0;0,0;8,0;1,0;0,0;0,0;0,0;0,0;0,0;0,0;0,0;0,0;0,0;0,0;27,0
678;2020-02-15;0,0;0,0;2,0;2,0;0,0;2,0;4,0;0,0;2,0;1,0;0,0;0,0;0,0;0,0;0,0;0,0;0,0;0,0;0,0;0,0;13,0
679;2020-02-22;0,0;0,0;1,0;1,0;0,0;0,0;22,0;0,0;1,0;0,0;0,0;0,0;0,0;0,0;0,0;0,0;0,0;0,0;0,0;0,0;25,0
680;2020-02-29;5,0;0,0;3,0;0,0;0,0;3,0;15,0;1,0;36,0;8,0;0,0;0,0;0,0;0,0;0,0;0,0;0,0;0,0;0,0;0,0;71,0
681;2020-03-07;0,0;0,0;0,0;0,0;0,0;0,0;0,0;0,0;6,0;12,0;1,0;0,0;0,0;0,0;0,0;0,0;0,0;0,0;0,0;0,0;19,0
682;2020-03-14;0,0;0,0;0,0;0,0;0,0;0,0;27,0;0,0;0,0;0,0;0,0;0,0;0,0;0,0;0,0;0,0;0,0;1,0;2,0;0,0;30,0
683;2020-06-06;0,0;1,0;0,0;0,0;0,0;0,0;0,0;0,0;17,0;1,0;0,0;0,0;0,0;0,0;0,0;0,0;0,0;1,0;0,0;1,0;21,0
684;2020-06-13;0,0;0,0;7,0;0,0;0,0;3,0;2,0;0,0;22,0;0,0;0,0;0,0;0,0;0,0;0,0;0,0;0,0;4,0;0,0;3,0;41,0
685;2020-06-20;0,0;0,0;5,0;5,0;0,0;2,0;0,0;0,0;14,0;0,0;0,0;0,0;0,0;0,0;0,0;1,0;1,0;0,0;0,0;0,0;28,0
686;2020-06-27;0,0;0,0;4,0;3,0;1,0;4,0;0,0;0,0;16,0;5,0;0,0;0,0;0,0;0,0;0,0;0,0;1,0;0,0;0,0;0,0;34,0
687;2020-07-04;0,0;0,0;1,0;0,0;0,0;1,0;9,0;0,0;21,0;2,0;0,0;0,0;0,0;0,0;0,0;0,0;0,0;0,0;0,0;0,0;34,0
688;2020-07-11;0,0;7,0;27,0;4,0;0,0;13,0;0,0;0,0;33,0;8,0;1,0;0,0;0,0;0,0;0,0;0,0;0,0;0,0;0,0;0,0;93,0
689;2020-07-18;0,0;0,0;7,0;4,0;0,0;6,0;3,0;0,0;14,0;3,0;2,0;0,0;0,0;0,0;0,0;0,0;0,0;0,0;0,0;0,0;39,0
690;2020-07-25;0,0;0,0;1,0;0,0;0,0;1,0;0,0;1,0;27,0;12,0;0,0;0,0;0,0;0,0;0,0;0,0;0,0;0,0;0,0;0,0;42,0
691;2020-08-01;0,0;0,0;1,0;0,0;0,0;1,0;0,0;0,0;24,0;6,0;0,0;0,0;0,0;0,0;0,0;0,0;0,0;0,0;0,0;0,0;32,0
692;2020-08-08;0,0;0,0;8,0;8,0;1,0;3,0;0,0;0,0;15,0;2,0;1,0;0,0;0,0;0,0;0,0;0,0;0,0;0,0;0,0;0,0;38,0
693;2020-08-15;1,0;0,0;2,0;0,0;0,0;2,0;21,0;0,0;6,0;4,0;0,0;0,0;0,0;0,0;0,0;0,0;0,0;0,0;0,0;0,0;36,0
694;2020-08-22;0,0;0,0;0,0;0,0;0,0;0,0;6,0;0,0;11,0;3,0;0,0;0,0;0,0;0,0;0,0;0,0;0,0;0,0;0,0;0,0;20,0
695;2020-08-29;1,0;0,0;3,0;1,0;0,0;2,0;21,0;0,0;19,0;4,0;4,0;0,0;0,0;0,0;0,0;0,0;1,0;0,0;0,0;0,0;56,0
696;2020-09-05;0,0;0,0;3,0;0,0;0,0;2,0;15,0;0,0;25,0;11,0;0,0;0,0;0,0;0,0;0,0;0,0;0,0;0,0;0,0;0,0;56,0
697;2020-09-12;3,0;6,0;8,0;2,0;2,0;1,0;33,0;0,0;11,0;6,0;0,0;0,0;0,0;0,0;0,0;0,0;1,0;0,0;0,0;0,0;73,0
698;2020-10-17;0,0;7,0;15,0;2,0;2,0;5,0;0,0;9,0;32,0;7,0;0,0;0,0;0,0;0,0;0,0;0,0;1,0;0,0;0,0;0,0;80,0
699;2020-10-24;15,0;1,0;0,0;0,0;0,0;0,0;6,0;3,0;15,0;1,0;0,0;0,0;0,0;0,0;0,0;0,0;0,0;0,0;0,0;0,0;41,0
700;2020-10-31;0,0;0,0;0,0;0,0;0,0;0,0;0,0;2,0;6,0;3,0;0,0;0,0;0,0;0,0;0,0;0,0;0,0;0,0;0,0;0,0;11,0
701;2020-11-07;0,0;1,0;2,0;1,0;0,0;1,0;0,0;2,0;22,0;4,0;1,0;0,0;0,0;0,0;0,0;0,0;0,0;0,0;0,0;0,0;34,0
702;2020-11-14;5,0;0,0;0,0;0,0;1,0;0,0;0,0;0,0;9,0;4,0;2,0;0,0;0,0;0,0;0,0;0,0;0,0;0,0;0,0;0,0;21,0
703;2020-11-21;14,0;2,0;0,0;0,0;4,0;0,0;14,0;0,0;7,0;7,0;0,0;0,0;0,0;0,0;0,0;0,0;0,0;0,0;0,0;0,0;48,0
704;2020-11-28;0,0;1,0;6,0;5,0;1,0;4,0;0,0;0,0;20,0;10,0;0,0;0,0;0,0;0,0;0,0;0,0;0,0;0,0;0,0;0,0;47,0
705;2020-12-05;10,0;0,0;0,0;0,0;1,0;4,0;0,0;0,0;9,0;4,0;0,0;0,0;0,0;0,0;0,0;0,0;0,0;0,0;0,0;0,0;28,0
706;2020-12-12;0,0;0,0;2,0;1,0;0,0;1,0;29,0;1,0;24,0;21,0;1,0;0,0;0,0;0,0;0,0;0,0;0,0;0,0;0,0;0,0;80,0
707;2021-01-02;2,0;0,0;2,0;2,0;0,0;2,0;5,0;0,0;0,0;0,0;0,0;0,0;0,0;0,0;0,0;0,0;0,0;0,0;0,0;0,0;13,0
708;2021-01-09;4,0;5,0;1,0;0,0;1,0;1,0;4,0;0,0;12,0;6,0;0,0;0,0;0,0;0,0;0,0;0,0;0,0;0,0;0,0;0,0;34,0
709;2021-01-16;5,0;2,0;3,0;1,0;2,0;3,0;50,0;0,0;30,0;8,0;0,0;0,0;0,0;0,0;0,0;0,0;0,0;0,0;0,0;0,0;104,0
710;2021-01-19;0,0;0,0;2,0;0,0;0,0;0,0;4,0;2,0;6,0;4,0;0,0;0,0;0,0;0,0;0,0;0,0;0,0;0,0;0,0;0,0;18,0
711;2021-01-23;28,0;0,0;1,0;1,0;1,0;1,0;57,0;0,0;13,0;0,0;0,0;0,0;0,0;0,0;0,0;0,0;0,0;0,0;0,0;0,0;102,0
712;2021-01-26;2,0;0,0;1,0;0,0;0,0;0,0;11,0;1,0;6,0;7,0;0,0;0,0;0,0;0,0;0,0;0,0;0,0;0,0;0,0;0,0;28,0
713;2021-01-30;20,0;1,0;1,0;2,0;0,0;4,0;24,0;0,0;21,0;6,0;0,0;0,0;0,0;0,0;0,0;0,0;0,0;0,0;0,0;0,0;79,0
714;2021-02-06;0,0;0,0;1,0;1,0;0,0;1,0;0,0;1,0;8,0;2,0;0,0;0,0;0,0;0,0;0,0;0,0;0,0;0,0;0,0;0,0;14,0
715;2021-02-20;27,0;0,0;3,0;3,0;0,0;3,0;18,0;0,0;6,0;0,0;0,0;0,0;0,0;0,0;0,0;0,0;0,0;0,0;0,0;0,0;60,0
716;2021-02-27;6,0;2,0;0,0;0,0;0,0;0,0;12,0;1,0;9,0;8,0;2,0;0,0;0,0;0,0;0,0;0,0;0,0;0,0;0,0;0,0;40,0
717;2021-03-06;0,0;0,0;1,0;0,0;0,0;0,0;5,0;0,0;0,0;0,0;0,0;0,0;0,0;0,0;0,0;0,0;0,0;0,0;0,0;0,0;6,0
718;2021-03-13;0,0;0,0;6,0;1,0;0,0;4,0;0,0;0,0;14,0;5,0;0,0;0,0;0,0;0,0;0,0;0,0;0,0;0,0;0,0;0,0;30,0
719;2021-03-20;0,0;0,0;0,0;0,0;0,0;0,0;8,0;1,0;17,0;0,0;0,0;0,0;0,0;0,0;0,0;0,0;1,0;0,0;3,0;0,0;30,0
720;2021-03-27;0,0;0,0;0,0;0,0;0,0;0,0;0,0;0,0;4,0;2,0;0,0;0,0;0,0;0,0;0,0;0,0;0,0;0,0;0,0;0,0;6,0
721;2021-04-03;0,0;0,0;0,0;0,0;0,0;0,0;0,0;0,0;13,0;5,0;0,0;0,0;0,0;0,0;0,0;0,0;0,0;0,0;0,0;0,0;18,0
722;2021-04-10;0,0;1,0;1,0;0,0;0,0;0,0;0,0;5,0;30,0;4,0;0,0;0,0;0,0;0,0;0,0;0,0;1,0;0,0;0,0;0,0;42,0
723;2021-04-17;0,0;0,0;1,0;1,0;0,0;0,0;11,0;0,0;15,0;6,0;0,0;0,0;0,0;0,0;0,0;0,0;0,0;0,0;0,0;0,0;34,0
724;2021-04-24;0,0;0,0;0,0;0,0;0,0;0,0;5,0;0,0;7,0;5,0;0,0;0,0;0,0;0,0;0,0;0,0;1,0;0,0;0,0;0,0;18,0
725;2021-05-01;0,0;0,0;0,0;1,0;0,0;0,0;10,0;0,0;21,0;3,0;1,0;0,0;0,0;0,0;0,0;0,0;0,0;0,0;0,0;0,0;36,0
726;2021-05-08;0,0;0,0;4,0;3,0;1,0;2,0;30,0;0,0;22,0;4,0;2,0;0,0;0,0;0,0;0,0;0,0;0,0;0,0;0,0;0,0;68,0
727;2021-05-15;0,0;0,0;0,0;1,0;0,0;0,0;25,0;0,0;8,0;0,0;2,0;0,0;0,0;0,0;0,0;0,0;0,0;0,0;0,0;0,0;36,0
728;2021-05-22;0,0;0,0;1,0;0,0;0,0;2,0;6,0;0,0;6,0;2,0;0,0;0,0;0,0;0,0;0,0;0,0;0,0;0,0;0,0;0,0;17,0
729;2021-05-29;0,0;0,0;11,0;7,0;0,0;1,0;3,0;0,0;36,0;0,0;0,0;0,0;0,0;0,0;0,0;0,0;0,0;0,0;0,0;0,0;58,0
730;2021-06-05;0,0;0,0;6,0;3,0;0,0;2,0;0,0;0,0;20,0;1,0;1,0;0,0;0,0;0,0;0,0;0,0;0,0;0,0;0,0;0,0;33,0
731;2021-06-12;0,0;0,0;14,0;8,0;0,0;3,0;0,0;0,0;45,0;1,0;0,0;0,0;0,0;0,0;0,0;0,0;0,0;0,0;2,0;0,0;73,0
732;2021-06-19;0,0;0,0;6,0;6,0;1,0;5,0;10,0;0,0;13,0;3,0;0,0;0,0;0,0;0,0;0,0;0,0;0,0;1,0;8,0;5,0;58,0
733;2021-06-26;40,0;0,0;7,0;6,0;0,0;5,0;1,0;0,0;24,0;0,0;4,0;0,0;0,0;0,0;0,0;0,0;0,0;0,0;0,0;0,0;87,0
734;2021-07-10;19,0;1,0;4,0;3,0;3,0;9,0;0,0;0,0;21,0;4,0;1,0;0,0;0,0;0,0;0,0;0,0;1,0;0,0;0,0;0,0;66,0
735;2021-07-17;8,0;1,0;8,0;5,0;0,0;6,0;7,0;0,0;2,0;2,0;2,0;0,0;0,0;0,0;0,0;0,0;0,0;0,0;0,0;0,0;41,0
736;2021-07-31;13,0;0,0;4,0;4,0;0,0;2,0;0,0;0,0;6,0;3,0;0,0;0,0;0,0;0,0;0,0;0,0;0,0;0,0;0,0;0,0;32,0
737;2021-08-07;0,0;0,0;5,0;7,0;0,0;5,0;2,0;1,0;43,0;12,0;1,0;0,0;1,0;0,0;0,0;1,0;0,0;0,0;0,0;0,0;78,0
738;2021-08-21;0,0;0,0;10,0;6,0;0,0;3,0;34,0;0,0;16,0;8,0;3,0;0,0;0,0;0,0;0,0;0,0;0,0;1,0;4,0;0,0;85,0
739;2021-08-28;5,0;0,0;3,0;0,0;1,0;5,0;15,0;1,0;13,0;4,0;0,0;0,0;0,0;0,0;0,0;0,0;0,0;0,0;0,0;0,0;47,0
740;2021-09-11;0,0;0,0;3,0;2,0;2,0;0,0;0,0;1,0;23,0;5,0;1,0;0,0;0,0;0,0;0,0;0,0;1,0;0,0;0,0;0,0;38,0
741;2021-10-23;5,0;3,0;2,0;2,0;0,0;2,0;0,0;6,0;15,0;1,0;0,0;0,0;0,0;0,0;0,0;0,0;0,0;0,0;0,0;0,0;36,0
742;2021-10-30;0,0;0,0;2,0;1,0;0,0;1,0;0,0;1,0;4,0;3,0;0,0;0,0;0,0;0,0;0,0;0,0;0,0;0,0;0,0;0,0;12,0
743;2021-11-13;20,0;4,0;0,0;0,0;2,0;3,0;4,0;1,0;23,0;9,0;0,0;0,0;0,0;0,0;0,0;0,0;0,0;0,0;0,0;0,0;66,0
744;2021-11-20;0,0;0,0;0,0;0,0;0,0;0,0;10,0;3,0;27,0;7,0;2,0;0,0;0,0;0,0;0,0;1,0;0,0;0,0;0,0;0,0;50,0
745;2021-11-27;0,0;0,0;4,0;4,0;0,0;4,0;31,0;1,0;0,0;0,0;0,0;0,0;0,0;0,0;0,0;0,0;0,0;0,0;0,0;0,0;44,0
746;2021-12-04;7,0;0,0;0,0;0,0;1,0;2,0;5,0;2,0;10,0;4,0;0,0;0,0;0,0;0,0;0,0;0,0;0,0;0,0;0,0;0,0;31,0
747;2021-12-11;22,0;2,0;0,0;0,0;0,0;0,0;10,0;0,0;12,0;4,0;0,0;0,0;0,0;0,0;0,0;0,0;0,0;0,0;0,0;0,0;50,0
748;2021-12-18;45,0;1,0;1,0;1,0;1,0;1,0;27,0;1,0;10,0;3,0;0,0;0,0;0,0;0,0;0,0;0,0;0,0;0,0;0,0;0,0;91,0
749;2021-12-25;0,0;0,0;0,0;0,0;0,0;0,0;11,0;0,0;11,0;6,0;0,0;0,0;0,0;0,0;0,0;0,0;0,0;0,0;0,0;0,0;28,0
750;2022-01-01;0,0;0,0;0,0;0,0;0,0;1,0;9,0;2,0;2,0;3,0;0,0;0,0;0,0;0,0;0,0;0,0;0,0;0,0;0,0;0,0;17,0
751;2022-01-08;0,0;0,0;4,0;0,0;0,0;0,0;0,0;1,0;37,0;9,0;0,0;0,0;0,0;0,0;0,0;0,0;0,0;0,0;0,0;0,0;51,0
752;2022-01-15;0,0;0,0;1,0;1,0;0,0;0,0;2,0;1,0;3,0;0,0;0,0;0,0;0,0;0,0;0,0;0,0;0,0;0,0;0,0;0,0;8,0
753;2022-01-22;11,0;3,0;1,0;1,0;1,0;1,0;3,0;1,0;10,0;3,0;2,0;0,0;0,0;0,0;0,0;0,0;0,0;0,0;0,0;0,0;37,0
754;2022-01-29;0,0;0,0;0,0;0,0;0,0;0,0;11,0;2,0;10,0;6,0;1,0;0,0;0,0;0,0;0,0;0,0;0,0;0,0;0,0;0,0;30,0
755;2022-02-05;0,0;1,0;3,0;0,0;0,0;2,0;0,0;2,0;31,0;6,0;3,0;0,0;0,0;0,0;0,0;0,0;0,0;0,0;0,0;0,0;48,0
756;2022-02-12;15,0;1,0;3,0;2,0;1,0;3,0;8,0;0,0;1,0;0,0;0,0;0,0;0,0;0,0;0,0;0,0;0,0;0,0;0,0;0,0;34,0
757;2022-02-26;3,0;6,0;3,0;3,0;1,0;2,0;0,0;0,0;2,0;1,0;0,0;0,0;0,0;0,0;0,0;0,0;0,0;0,0;0,0;0,0;21,0
758;2022-03-05;6,0;0,0;3,0;1,0;2,0;1,0;4,0;0,0;3,0;1,0;0,0;0,0;0,0;0,0;0,0;0,0;0,0;0,0;0,0;0,0;21,0
759;2022-03-12;0,0;0,0;1,0;2,0;0,0;2,0;0,0;0,0;7,0;5,0;0,0;0,0;0,0;0,0;0,0;0,0;0,0;0,0;0,0;0,0;17,0
760;2022-03-19;0,0;0,0;1,0;0,0;0,0;0,0;0,0;0,0;22,0;4,0;0,0;0,0;0,0;0,0;0,0;0,0;0,0;0,0;0,0;0,0;27,0
761;2022-03-26;0,0;0,0;7,0;3,0;0,0;5,0;14,0;0,0;14,0;4,0;0,0;0,0;0,0;0,0;0,0;0,0;0,0;0,0;0,0;0,0;47,0
762;2022-04-02;0,0;0,0;1,0;0,0;0,0;1,0;0,0;0,0;15,0;4,0;0,0;0,0;0,0;0,0;0,0;0,0;0,0;0,0;0,0;0,0;21,0
763;2022-04-09;0,0;0,0;1,0;1,0;0,0;1,0;16,0;1,0;13,0;2,0;1,0;0,0;0,0;0,0;0,0;0,0;0,0;0,0;0,0;0,0;36,0
764;2022-04-16;0,0;0,0;0,0;0,0;0,0;0,0;15,0;0,0;8,0;4,0;1,0;0,0;0,0;0,0;0,0;0,0;0,0;0,0;0,0;0,0;28,0
765;2022-04-23;0,0;0,0;2,0;2,0;0,0;1,0;0,0;0,0;23,0;4,0;1,0;0,0;0,0;0,0;0,0;0,0;1,0;0,0;4,0;0,0;38,0
766;2022-04-30;0,0;0,0;12,0;8,0;1,0;8,0;0,0;1,0;44,0;9,0;0,0;0,0;0,0;0,0;0,0;0,0;0,0;0,0;0,0;0,0;83,0
767;2022-05-07;0,0;0,0;1,0;0,0;0,0;0,0;0,0;0,0;4,0;2,0;0,0;0,0;0,0;0,0;0,0;0,0;0,0;0,0;0,0;0,0;7,0
768;2022-05-14;0,0;0,0;4,0;0,0;0,0;4,0;34,0;0,0;10,0;16,0;2,0;0,0;0,0;0,0;0,0;0,0;0,0;0,0;0,0;0,0;70,0
769;2022-05-21;0,0;1,0;3,0;1,0;0,0;1,0;0,0;0,0;19,0;3,0;1,0;1,0;0,0;0,0;0,0;0,0;0,0;0,0;0,0;0,0;30,0
770;2022-05-28;4,0;0,0;1,0;0,0;0,0;0,0;16,0;0,0;16,0;0,0;2,0;0,0;0,0;0,0;0,0;0,0;0,0;0,0;0,0;0,0;39,0
771;2022-06-04;10,0;0,0;8,0;6,0;0,0;5,0;9,0;0,0;4,0;0,0;0,0;0,0;0,0;0,0;0,0;0,0;0,0;0,0;0,0;0,0;42,0
772;2022-06-11;9,0;1,0;4,0;2,0;0,0;0,0;0,0;0,0;21,0;0,0;0,0;0,0;0,0;0,0;0,0;0,0;1,0;0,0;0,0;0,0;38,0
773;2022-06-18;13,0;0,0;3,0;3,0;0,0;5,0;0,0;0,0;10,0;0,0;4,0;0,0;0,0;0,0;0,0;1,0;0,0;0,0;0,0;0,0;39,0
774;2022-07-02;6,0;2,0;1,0;1,0;0,0;1,0;3,0;0,0;13,0;2,0;2,0;0,0;0,0;0,0;0,0;0,0;0,0;0,0;0,0;0,0;31,0
775;2022-07-09;0,0;5,0;2,0;1,0;0,0;0,0;0,0;0,0;19,0;2,0;3,0;0,0;0,0;0,0;0,0;0,0;0,0;0,0;0,0;0,0;32,0
776;2022-07-16;0,0;7,0;4,0;1,0;0,0;1,0;0,0;1,0;12,0;9,0;0,0;0,0;0,0;1,0;0,0;0,0;0,0;0,0;1,0;0,0;37,0
777;2022-07-23;0,0;1,0;5,0;1,0;1,0;1,0;7,0;3,0;14,0;5,0;4,0;0,0;0,0;0,0;0,0;0,0;1,0;0,0;0,0;0,0;43,0
778;2022-07-30;16,0;0,0;2,0;1,0;0,0;0,0;0,0;0,0;17,0;4,0;0,0;0,0;0,0;0,0;0,0;0,0;0,0;0,0;0,0;0,0;40,0
779;2022-08-06;0,0;5,0;5,0;2,0;0,0;1,0;5,0;0,0;5,0;3,0;4,0;0,0;0,0;0,0;0,0;0,0;0,0;0,0;0,0;0,0;30,0
780;2022-08-13;0,0;0,0;11,0;5,0;0,0;1,0;0,0;0,0;28,0;2,0;0,0;0,0;0,0;0,0;0,0;0,0;0,0;0,0;0,0;0,0;47,0
781;2022-08-20;7,0;5,0;3,0;2,0;0,0;3,0;0,0;0,0;8,0;3,0;0,0;0,0;0,0;0,0;0,0;0,0;0,0;0,0;0,0;0,0;31,0
782;2022-08-27;0,0;6,0;2,0;3,0;0,0;1,0;0,0;0,0;6,0;0,0;0,0;0,0;0,0;0,0;0,0;0,0;0,0;0,0;0,0;0,0;18,0
783;2022-09-03;0,0;0,0;3,0;2,0;0,0;1,0;0,0;3,0;20,0;13,0;5,0;0,0;0,0;0,0;0,0;0,0;0,0;0,0;0,0;0,0;47,0
784;2022-09-10;0,0;0,0;3,0;2,0;1,0;0,0;10,0;3,0;22,0;10,0;0,0;0,0;0,0;0,0;0,0;0,0;0,0;1,0;0,0;0,0;52,0
785;2022-09-17;0,0;4,0;5,0;0,0;0,0;1,0;0,0;1,0;24,0;9,0;0,0;0,0;0,0;0,0;0,0;0,0;0,0;1,0;0,0;0,0;45,0
786;2022-10-15;10,0;3,0;1,0;0,0;0,0;0,0;6,0;2,0;23,0;7,0;0,0;0,0;0,0;0,0;0,0;0,0;0,0;0,0;0,0;0,0;52,0
787;2022-10-22;7,0;1,0;0,0;0,0;0,0;1,0;2,0;2,0;13,0;6,0;1,0;0,0;0,0;0,0;0,0;0,0;0,0;0,0;0,0;0,0;33,0
788;2022-10-29;0,0;2,0;6,0;3,0;1,0;3,0;0,0;8,0;10,0;1,0;0,0;0,0;0,0;0,0;0,0;0,0;0,0;0,0;0,0;0,0;34,0
789;2022-11-05;0,0;1,0;1,0;0,0;0,0;0,0;5,0;2,0;15,0;3,0;2,0;0,0;0,0;0,0;0,0;0,0;0,0;1,0;1,0;0,0;31,0
790;2022-11-12;17,0;2,0;1,0;1,0;0,0;0,0;19,0;2,0;9,0;3,0;1,0;0,0;0,0;0,0;0,0;0,0;0,0;0,0;0,0;0,0;55,0
791;2022-11-19;0,0;0,0;0,0;0,0;0,0;0,0;7,0;1,0;8,0;4,0;1,0;0,0;0,0;0,0;0,0;0,0;0,0;0,0;0,0;0,0;21,0
792;2022-11-26;0,0;0,0;0,0;0,0;0,0;0,0;0,0;0,0;5,0;2,0;1,0;0,0;0,0;0,0;0,0;0,0;0,0;0,0;0,0;0,0;8,0
793;2022-12-03;9,0;0,0;0,0;0,0;0,0;1,0;6,0;0,0;7,0;1,0;0,0;0,0;0,0;0,0;0,0;0,0;0,0;0,0;0,0;0,0;24,0
794;2022-12-10;0,0;0,0;0,0;0,0;0,0;0,0;0,0;0,0;7,0;2,0;0,0;0,0;0,0;0,0;0,0;0,0;0,0;0,0;0,0;0,0;9,0
795;2022-12-17;0,0;2,0;5,0;5,0;1,0;3,0;0,0;2,0;19,0;5,0;0,0;0,0;0,0;0,0;0,0;0,0;0,0;0,0;0,0;0,0;42,0
796;2022-12-24;0,0;5,0;0,0;0,0;0,0;0,0;6,0;0,0;17,0;3,0;0,0;0,0;0,0;0,0;0,0;0,0;0,0;0,0;0,0;0,0;31,0
797;2022-12-31;17,0;1,0;0,0;0,0;0,0;0,0;5,0;0,0;10,0;3,0;0,0;0,0;0,0;0,0;0,0;0,0;0,0;0,0;0,0;0,0;36,0
798;2023-01-07;0,0;0,0;7,0;6,0;0,0;7,0;6,0;0,0;5,0;2,0;0,0;0,0;0,0;0,0;0,0;0,0;0,0;0,0;0,0;0,0;33,0
799;2023-01-14;0,0;14,0;5,0;4,0;2,0;4,0;0,0;0,0;2,0;1,0;0,0;0,0;0,0;2,0;0,0;0,0;0,0;0,0;0,0;0,0;34,0
800;2023-01-21;11,0;0,0;0,0;0,0;0,0;0,0;5,0;0,0;14,0;5,0;0,0;0,0;0,0;0,0;0,0;0,0;0,0;0,0;0,0;0,0;35,0
801;2023-01-28;0,0;0,0;0,0;0,0;0,0;0,0;0,0;0,0;13,0;0,0;0,0;0,0;0,0;0,0;0,0;0,0;0,0;0,0;0,0;0,0;13,0
802;2023-02-04;12,0;1,0;1,0;1,0;0,0;1,0;18,0;6,0;6,0;1,0;0,0;0,0;0,0;0,0;0,0;0,0;0,0;0,0;0,0;0,0;47,0
803;2023-02-11;19,0;5,0;2,0;1,0;0,0;2,0;0,0;0,0;17,0;3,0;0,0;0,0;0,0;0,0;0,0;0,0;0,0;0,0;0,0;0,0;49,0
804;2023-02-18;0,0;2,0;0,0;0,0;0,0;0,0;7,0;0,0;0,0;0,0;0,0;0,0;0,0;0,0;0,0;0,0;0,0;0,0;0,0;0,0;9,0
805;2023-02-25;13,0;1,0;5,0;4,0;0,0;8,0;0,0;0,0;35,0;7,0;0,0;0,0;0,0;0,0;0,0;0,0;0,0;0,0;0,0;0,0;73,0
806;2023-03-04;4,0;0,0;0,0;0,0;0,0;0,0;0,0;3,0;32,0;8,0;0,0;0,0;0,0;0,0;0,0;0,0;0,0;0,0;0,0;0,0;47,0
807;2023-03-18;0,0;2,0;6,0;6,0;1,0;4,0;0,0;0,0;22,0;5,0;0,0;0,0;0,0;0,0;0,0;0,0;0,0;0,0;0,0;0,0;46,0
808;2023-04-01;0,0;0,0;0,0;0,0;0,0;0,0;6,0;0,0;12,0;5,0;1,0;0,0;0,0;0,0;0,0;0,0;0,0;0,0;0,0;0,0;24,0
809;2023-04-08;0,0;0,0;0,0;0,0;0,0;0,0;0,0;0,0;19,0;3,0;0,0;0,0;0,0;0,0;0,0;0,0;0,0;0,0;0,0;0,0;22,0
810;2023-04-15;0,0;0,0;2,0;0,0;0,0;0,0;6,0;0,0;20,0;7,0;1,0;0,0;1,0;1,0;0,0;0,0;0,0;0,0;0,0;0,0;38,0
811;2023-04-22;0,0;0,0;0,0;0,0;0,0;0,0;7,0;0,0;1,0;1,0;0,0;0,0;0,0;0,0;0,0;0,0;0,0;0,0;0,0;0,0;9,0
812;2023-04-29;0,0;0,0;5,0;1,0;0,0;2,0;30,0;0,0;11,0;5,0;0,0;0,0;0,0;0,0;0,0;0,0;0,0;0,0;0,0;0,0;54,0
813;2023-05-06;0,0;0,0;0,0;0,0;0,0;0,0;1,0;0,0;16,0;1,0;1,0;0,0;0,0;0,0;0,0;0,0;0,0;0,0;0,0;0,0;19,0
814;2023-05-13;0,0;0,0;2,0;2,0;0,0;2,0;0,0;0,0;33,0;3,0;1,0;0,0;0,0;0,0;0,0;0,0;0,0;0,0;0,0;0,0;43,0
815;2023-05-20;0,0;0,0;0,0;0,0;0,0;0,0;20,0;0,0;12,0;3,0;0,0;0,0;0,0;0,0;0,0;0,0;0,0;2,0;3,0;0,0;40,0
816;2023-05-27;0,0;0,0;3,0;3,0;0,0;4,0;11,0;0,0;17,0;7,0;0,0;0,0;0,0;0,0;0,0;1,0;0,0;0,0;0,0;0,0;46,0
817;2023-06-03;0,0;0,0;4,0;0,0;0,0;0,0;3,0;0,0;9,0;0,0;0,0;0,0;0,0;0,0;0,0;0,0;0,0;0,0;0,0;0,0;16,0
818;2023-06-10;0,0;0,0;7,0;1,0;0,0;0,0;0,0;0,0;6,0;0,0;0,0;0,0;0,0;0,0;0,0;0,0;2,0;0,0;0,0;0,0;16,0
819;2023-06-17;2,0;0,0;5,0;2,0;1,0;2,0;0,0;0,0;19,0;1,0;0,0;0,0;0,0;0,0;0,0;0,0;0,0;0,0;0,0;0,0;32,0
820;2023-06-24;0,0;0,0;0,0;1,0;0,0;0,0;0,0;0,0;8,0;1,0;0,0;0,0;0,0;0,0;0,0;0,0;0,0;0,0;0,0;0,0;10,0
821;2023-07-01;0,0;0,0;0,0;0,0;0,0;0,0;0,0;0,0;9,0;2,0;0,0;0,0;0,0;0,0;0,0;0,0;0,0;0,0;0,0;0,0;11,0
822;2023-07-08;0,0;20,0;6,0;6,0;1,0;7,0;0,0;1,0;35,0;8,0;1,0;0,0;0,0;0,0;0,0;0,0;0,0;0,0;0,0;0,0;85,0
823;2023-07-15;23,0;0,0;1,0;0,0;0,0;1,0;0,0;0,0;25,0;7,0;2,0;0,0;0,0;0,0;0,0;0,0;0,0;0,0;0,0;0,0;59,0
824;2023-07-22;0,0;5,0;3,0;3,0;0,0;1,0;0,0;5,0;17,0;4,0;0,0;0,0;0,0;0,0;0,0;1,0;0,0;0,0;0,0;0,0;39,0
825;2023-07-29;0,0;4,0;5,0;3,0;0,0;2,0;0,0;1,0;10,0;4,0;1,0;0,0;0,0;0,0;0,0;1,0;0,0;0,0;0,0;0,0;31,0
826;2023-08-05;0,0;15,0;7,0;4,0;0,0;4,0;17,0;3,0;16,0;2,0;1,0;0,0;0,0;0,0;0,0;0,0;2,0;2,0;0,0;0,0;73,0
827;2023-08-12;0,0;0,0;2,0;1,0;0,0;2,0;0,0;2,0;27,0;4,0;0,0;0,0;0,0;0,0;0,0;0,0;1,0;0,0;0,0;0,0;39,0
828;2023-08-19;0,0;9,0;4,0;3,0;0,0;0,0;9,0;1,0;29,0;11,0;0,0;0,0;0,0;0,0;0,0;0,0;0,0;0,0;0,0;0,0;66,0
829;2023-08-26;5,0;0,0;2,0;0,0;0,0;1,0;1,0;0,0;18,0;4,0;0,0;0,0;0,0;0,0;0,0;0,0;0,0;0,0;0,0;0,0;31,0
830;2023-09-02;3,0;0,0;1,0;0,0;0,0;0,0;0,0;0,0;16,0;3,0;2,0;0,0;0,0;0,0;0,0;0,0;0,0;0,0;0,0;0,0;25,0
831;2023-09-09;8,0;0,0;4,0;1,0;0,0;2,0;5,0;0,0;10,0;2,0;0,0;0,0;0,0;0,0;0,0;0,0;0,0;0,0;0,0;0,0;32,0
832;2023-09-16;0,0;6,0;2,0;0,0;0,0;0,0;4,0;0,0;19,0;2,0;0,0;0,0;0,0;0,0;0,0;0,0;0,0;0,0;0,0;0,0;33,0
